run number,detection_sick_people,security_measures,proportion_worker,proportion_retired,proportion_student,people,duration,lockdown_type,step,n_of_death,days,infected - deaths,Neg_student + Neg_retired + Neg_worker,total_infected
6,true,false,53,29,18,500,14,lockdown_retired,661,38,33,440,7539.5,478
2,true,false,53,29,18,500,14,lockdown_retired,641,44,32,433,8015.25,477
7,true,false,53,29,18,500,14,lockdown_retired,701,41,35,437,7528.75,478
8,true,false,53,29,18,500,14,lockdown_retired,741,37,37,432,9054,469
9,true,false,53,29,18,500,14,lockdown_retired,701,32,35,446,8219.75,478
10,true,false,53,29,18,500,14,lockdown_retired,741,41,37,442,8692.25,483
12,true,false,53,29,18,500,14,lockdown_retired,701,33,35,446,7634.5,479
3,true,false,53,29,18,500,14,lockdown_retired,781,36,39,446,8616.5,482
4,true,false,53,29,18,500,14,lockdown_retired,781,33,39,450,7931.25,483
1,true,false,53,29,18,500,14,lockdown_retired,681,49,34,437,8343.25,486
5,true,false,53,29,18,500,14,lockdown_retired,861,36,43,452,7874,488
11,true,false,53,29,18,500,14,lockdown_retired,881,27,44,454,10914.25,481
15,true,false,53,29,18,500,14,lockdown_retired,641,31,32,451,7594,482
17,true,false,53,29,18,500,14,lockdown_retired,641,42,32,439,7646.75,481
19,true,false,53,29,18,500,14,lockdown_retired,701,33,35,454,8604.5,487
13,true,false,53,29,18,500,14,lockdown_retired,781,40,39,430,9580.75,470
18,true,false,53,29,18,500,14,lockdown_retired,701,36,35,438,7853.25,474
14,true,false,53,29,18,500,14,lockdown_retired,701,37,35,441,7439.25,478
16,true,false,53,29,18,500,14,lockdown_retired,781,48,39,423,7845,471
21,true,false,53,29,18,500,14,lockdown_retired,741,40,37,440,8671.5,480
20,true,false,53,29,18,500,14,lockdown_retired,741,42,37,441,9086.5,483
22,true,false,53,29,18,500,14,lockdown_retired,661,39,33,440,8112.25,479
24,true,false,53,29,18,500,14,lockdown_retired,781,42,39,445,9624.5,487
23,true,false,53,29,18,500,14,lockdown_retired,841,44,42,430,10494.5,474
25,true,false,53,29,18,500,14,lockdown_retired,721,43,36,436,8598.75,479
26,true,false,53,29,18,500,14,lockdown_retired,721,36,36,436,7672.75,472
28,true,false,53,29,18,500,14,lockdown_retired,761,40,38,437,9203.5,477
27,true,false,53,29,18,500,14,lockdown_retired,801,38,40,429,9802.5,467
31,true,false,53,29,18,500,14,lockdown_retired,721,38,36,448,8203,486
32,true,false,53,29,18,500,14,lockdown_retired,681,34,34,448,8440,482
29,true,false,53,29,18,500,14,lockdown_retired,841,31,42,448,10896,479
35,true,false,53,29,18,500,14,lockdown_retired,601,27,30,448,7282.75,475
30,true,false,53,29,18,500,14,lockdown_retired,761,38,38,440,8599,478
34,true,false,53,29,18,500,14,lockdown_retired,721,39,36,449,8917,488
33,true,false,53,29,18,500,14,lockdown_retired,881,30,44,449,8945.5,479
36,true,false,53,29,18,500,14,lockdown_retired,761,29,38,443,10270.75,472
38,true,false,53,29,18,500,14,lockdown_retired,741,37,37,439,10098.25,476
37,true,false,53,29,18,500,14,lockdown_retired,841,46,42,425,10044.25,471
39,true,false,53,29,18,500,14,lockdown_retired,701,44,35,440,8898.75,484
41,true,false,53,29,18,500,14,lockdown_retired,701,33,35,445,9083,478
40,true,false,53,29,18,500,14,lockdown_retired,761,45,38,427,8847.5,472
44,true,false,53,29,18,500,14,lockdown_retired,661,37,33,435,7781.75,472
43,true,false,53,29,18,500,14,lockdown_retired,781,40,39,427,9157,467
42,true,false,53,29,18,500,14,lockdown_retired,801,35,40,450,8887.75,485
47,true,false,53,29,18,500,14,lockdown_retired,661,40,33,446,7718.75,486
45,true,false,53,29,18,500,14,lockdown_retired,701,31,35,437,8417.75,468
46,true,false,53,29,18,500,14,lockdown_retired,781,31,39,447,8948.25,478
48,true,false,53,29,18,500,14,lockdown_retired,801,43,40,434,9767,477
51,true,false,53,29,18,500,14,lockdown_student,641,37,32,450,7532.5,487
52,true,false,53,29,18,500,14,lockdown_student,661,39,33,440,8007.5,479
49,true,false,53,29,18,500,14,lockdown_retired,701,28,35,443,8065.75,471
50,true,false,53,29,18,500,14,lockdown_retired,721,33,36,438,8332.25,471
53,true,false,53,29,18,500,14,lockdown_student,721,30,36,446,8057,476
56,true,false,53,29,18,500,14,lockdown_student,721,41,36,441,8444.5,482
55,true,false,53,29,18,500,14,lockdown_student,781,32,39,456,10200.75,488
54,true,false,53,29,18,500,14,lockdown_student,801,36,40,440,8722,476
58,true,false,53,29,18,500,14,lockdown_student,621,25,31,456,7216.5,481
57,true,false,53,29,18,500,14,lockdown_student,721,36,36,443,7809,479
59,true,false,53,29,18,500,14,lockdown_student,681,38,34,435,7768.5,473
60,true,false,53,29,18,500,14,lockdown_student,781,41,39,439,8937,480
61,true,false,53,29,18,500,14,lockdown_student,601,32,30,449,7381,481
64,true,false,53,29,18,500,14,lockdown_student,641,33,32,442,7372.5,475
63,true,false,53,29,18,500,14,lockdown_student,681,39,34,439,7928,478
62,true,false,53,29,18,500,14,lockdown_student,821,42,41,435,8112,477
65,true,false,53,29,18,500,14,lockdown_student,741,33,37,450,7815.5,483
66,true,false,53,29,18,500,14,lockdown_student,681,37,34,438,8669,475
67,true,false,53,29,18,500,14,lockdown_student,661,35,33,449,8278,484
68,true,false,53,29,18,500,14,lockdown_student,781,39,39,434,8923,473
70,true,false,53,29,18,500,14,lockdown_student,761,27,38,451,8704,478
69,true,false,53,29,18,500,14,lockdown_student,721,33,36,448,7910,481
72,true,false,53,29,18,500,14,lockdown_student,661,39,33,451,7788,490
71,true,false,53,29,18,500,14,lockdown_student,721,41,36,440,7252,481
73,true,false,53,29,18,500,14,lockdown_student,641,39,32,441,7396.5,480
74,true,false,53,29,18,500,14,lockdown_student,701,35,35,448,7835,483
75,true,false,53,29,18,500,14,lockdown_student,781,36,39,444,7953,480
76,true,false,53,29,18,500,14,lockdown_student,681,38,34,428,7376.5,466
77,true,false,53,29,18,500,14,lockdown_student,761,43,38,443,9985,486
79,true,false,53,29,18,500,14,lockdown_student,761,36,38,441,9138,477
78,true,false,53,29,18,500,14,lockdown_student,781,39,39,441,8316.5,480
81,true,false,53,29,18,500,14,lockdown_student,661,38,33,442,7659.75,480
80,true,false,53,29,18,500,14,lockdown_student,741,33,37,442,7613,475
83,true,false,53,29,18,500,14,lockdown_student,761,48,38,432,8666,480
84,true,false,53,29,18,500,14,lockdown_student,661,31,33,440,7326.5,471
85,true,false,53,29,18,500,14,lockdown_student,741,29,37,449,8625.5,478
82,true,false,53,29,18,500,14,lockdown_student,881,36,44,445,8064,481
86,true,false,53,29,18,500,14,lockdown_student,761,41,38,432,8389,473
87,true,false,53,29,18,500,14,lockdown_student,721,41,36,436,7968.25,477
88,true,false,53,29,18,500,14,lockdown_student,781,38,39,450,8186.5,488
89,true,false,53,29,18,500,14,lockdown_student,781,29,39,445,8749,474
91,true,false,53,29,18,500,14,lockdown_student,701,31,35,458,8237,489
90,true,false,53,29,18,500,14,lockdown_student,781,37,39,438,8242,475
92,true,false,53,29,18,500,14,lockdown_student,741,36,37,444,7007.5,480
94,true,false,53,29,18,500,14,lockdown_student,621,40,31,438,7126.5,478
93,true,false,53,29,18,500,14,lockdown_student,741,38,37,437,8650.5,475
96,true,false,53,29,18,500,14,lockdown_student,801,35,40,442,9296,477
97,true,false,53,29,18,500,14,lockdown_student,661,38,33,448,8093.5,486
95,true,false,53,29,18,500,14,lockdown_student,801,43,40,438,8274,481
99,true,false,53,29,18,500,14,lockdown_student,641,43,32,446,7872,489
98,true,false,53,29,18,500,14,lockdown_student,841,37,42,435,8511.5,472
101,true,false,53,29,18,500,14,none,641,39,32,440,6520.75,479
100,true,false,53,29,18,500,14,lockdown_student,701,41,35,443,7761.5,484
102,true,false,53,29,18,500,14,none,661,37,33,443,6671,480
103,true,false,53,29,18,500,14,none,701,35,35,440,6750.75,475
104,true,false,53,29,18,500,14,none,641,45,32,436,6654,481
105,true,false,53,29,18,500,14,none,681,39,34,441,6509,480
106,true,false,53,29,18,500,14,none,761,35,38,450,6632.75,485
107,true,false,53,29,18,500,14,none,621,34,31,453,6016,487
108,true,false,53,29,18,500,14,none,741,32,37,442,6911.5,474
111,true,false,53,29,18,500,14,none,701,40,35,442,7831.75,482
112,true,false,53,29,18,500,14,none,681,39,34,443,6843,482
110,true,false,53,29,18,500,14,none,721,35,36,443,7731.75,478
109,true,false,53,29,18,500,14,none,821,41,41,440,6189,481
113,true,false,53,29,18,500,14,none,721,32,36,444,6988.5,476
115,true,false,53,29,18,500,14,none,641,28,32,451,6533.25,479
114,true,false,53,29,18,500,14,none,781,36,39,453,8227.5,489
117,true,false,53,29,18,500,14,none,681,39,34,438,6490.25,477
116,true,false,53,29,18,500,14,none,761,34,38,444,7608,478
118,true,false,53,29,18,500,14,none,741,42,37,430,6206.5,472
119,true,false,53,29,18,500,14,none,721,42,36,441,7892.25,483
123,true,false,53,29,18,500,14,none,581,42,29,448,6054.5,490
121,true,false,53,29,18,500,14,none,681,29,34,440,6779.5,469
122,true,false,53,29,18,500,14,none,701,38,35,445,7209.5,483
120,true,false,53,29,18,500,14,none,761,41,38,441,7823.75,482
124,true,false,53,29,18,500,14,none,701,33,35,455,7368.75,488
125,true,false,53,29,18,500,14,none,761,32,38,448,7975.5,480
127,true,false,53,29,18,500,14,none,701,39,35,441,7121.5,480
126,true,false,53,29,18,500,14,none,761,38,38,443,8760.25,481
128,true,false,53,29,18,500,14,none,621,44,31,439,6266,483
129,true,false,53,29,18,500,14,none,701,39,35,436,5972.25,475
131,true,false,53,29,18,500,14,none,681,38,34,445,6869.25,483
130,true,false,53,29,18,500,14,none,681,38,34,454,6589.25,492
132,true,false,53,29,18,500,14,none,701,27,35,462,8470.25,489
134,true,false,53,29,18,500,14,none,661,47,33,441,7077.25,488
133,true,false,53,29,18,500,14,none,781,43,39,438,7738,481
137,true,false,53,29,18,500,14,none,701,37,35,448,8170,485
138,true,false,53,29,18,500,14,none,681,37,34,439,6059.5,476
135,true,false,53,29,18,500,14,none,841,31,42,454,8284.25,485
136,true,false,53,29,18,500,14,none,761,36,38,443,6976.75,479
139,true,false,53,29,18,500,14,none,841,42,42,431,7875.25,473
140,true,false,53,29,18,500,14,none,801,41,40,449,7303,490
141,true,false,53,29,18,500,14,none,701,25,35,457,7653.75,482
142,true,false,53,29,18,500,14,none,621,38,31,442,5762.75,480
143,true,false,53,29,18,500,14,none,661,26,33,463,6209.25,489
144,true,false,53,29,18,500,14,none,641,45,32,428,6534.25,473
145,true,false,53,29,18,500,14,none,661,46,33,437,6659.25,483
146,true,false,53,29,18,500,14,none,661,32,33,449,6339.5,481
147,true,false,53,29,18,500,14,none,701,36,35,446,6872.5,482
148,true,false,53,29,18,500,14,none,781,35,39,445,7122.25,480
150,true,false,53,29,18,500,14,none,641,35,32,450,6230.75,485
149,true,false,53,29,18,500,14,none,721,24,36,458,8668,482
154,true,false,53,29,18,500,14,lockdown_retired+student,781,32,39,432,10589.5,464
155,true,false,53,29,18,500,14,lockdown_retired+student,661,38,33,427,9054,465
151,true,false,53,29,18,500,14,lockdown_retired+student,841,28,42,438,9777.5,466
153,true,false,53,29,18,500,14,lockdown_retired+student,821,38,41,424,10726.5,462
152,true,false,53,29,18,500,14,lockdown_retired+student,781,41,39,427,9769,468
157,true,false,53,29,18,500,14,lockdown_retired+student,721,40,36,435,9495.5,475
156,true,false,53,29,18,500,14,lockdown_retired+student,801,35,40,434,10687.5,469
158,true,false,53,29,18,500,14,lockdown_retired+student,801,40,40,434,9207,474
159,true,false,53,29,18,500,14,lockdown_retired+student,701,35,35,435,9349.5,470
160,true,false,53,29,18,500,14,lockdown_retired+student,741,35,37,421,9842.5,456
163,true,false,53,29,18,500,14,lockdown_retired+student,661,35,33,435,8759,470
164,true,false,53,29,18,500,14,lockdown_retired+student,681,39,34,420,8547.5,459
166,true,false,53,29,18,500,14,lockdown_retired+student,701,39,35,425,9227.5,464
162,true,false,53,29,18,500,14,lockdown_retired+student,701,30,35,430,9264.5,460
161,true,false,53,29,18,500,14,lockdown_retired+student,861,42,43,433,11506,475
165,true,false,53,29,18,500,14,lockdown_retired+student,841,43,42,429,9747.5,472
167,true,false,53,29,18,500,14,lockdown_retired+student,741,26,37,447,10778,473
168,true,false,53,29,18,500,14,lockdown_retired+student,761,35,38,428,9683.25,463
170,true,false,53,29,18,500,14,lockdown_retired+student,781,34,39,437,8433,471
171,true,false,53,29,18,500,14,lockdown_retired+student,801,43,40,429,9482.5,472
172,true,false,53,29,18,500,14,lockdown_retired+student,681,36,34,436,9194.5,472
169,true,false,53,29,18,500,14,lockdown_retired+student,1141,32,57,417,16102,449
173,true,false,53,29,18,500,14,lockdown_retired+student,741,32,37,443,8732.5,475
175,true,false,53,29,18,500,14,lockdown_retired+student,661,42,33,426,8746.25,468
176,true,false,53,29,18,500,14,lockdown_retired+student,661,36,33,439,9230.5,475
178,true,false,53,29,18,500,14,lockdown_retired+student,661,44,33,424,8947,468
174,true,false,53,29,18,500,14,lockdown_retired+student,901,40,45,428,12043.5,468
177,true,false,53,29,18,500,14,lockdown_retired+student,721,32,36,435,9360,467
180,true,false,53,29,18,500,14,lockdown_retired+student,681,35,34,437,9256,472
179,true,false,53,29,18,500,14,lockdown_retired+student,761,40,38,425,10110.5,465
181,true,false,53,29,18,500,14,lockdown_retired+student,721,37,36,441,10106.5,478
182,true,false,53,29,18,500,14,lockdown_retired+student,741,43,37,440,9894.25,483
183,true,false,53,29,18,500,14,lockdown_retired+student,741,34,37,434,10014.5,468
185,true,false,53,29,18,500,14,lockdown_retired+student,681,38,34,442,9060.75,480
184,true,false,53,29,18,500,14,lockdown_retired+student,801,40,40,426,10508.5,466
186,true,false,53,29,18,500,14,lockdown_retired+student,721,36,36,436,9490.5,472
191,true,false,53,29,18,500,14,lockdown_retired+student,641,35,32,434,8333,469
187,true,false,53,29,18,500,14,lockdown_retired+student,781,35,39,435,11096,470
189,true,false,53,29,18,500,14,lockdown_retired+student,761,37,38,435,10100.5,472
188,true,false,53,29,18,500,14,lockdown_retired+student,841,32,42,434,9617,466
192,true,false,53,29,18,500,14,lockdown_retired+student,721,33,36,431,9279,464
190,true,false,53,29,18,500,14,lockdown_retired+student,841,36,42,419,10755,455
193,true,false,53,29,18,500,14,lockdown_retired+student,701,36,35,431,9053.5,467
195,true,false,53,29,18,500,14,lockdown_retired+student,661,35,33,433,8860.5,468
194,true,false,53,29,18,500,14,lockdown_retired+student,741,39,37,431,10044.5,470
196,true,false,53,29,18,500,14,lockdown_retired+student,681,32,34,437,9224.75,469
197,true,false,53,29,18,500,14,lockdown_retired+student,721,33,36,424,9528.5,457
198,true,false,53,29,18,500,14,lockdown_retired+student,761,43,38,439,9250.5,482
199,true,false,53,29,18,500,14,lockdown_retired+student,721,38,36,426,8994.5,464
201,true,false,53,29,18,500,14,essential_activities,741,32,37,385,11805,417
200,true,false,53,29,18,500,14,lockdown_retired+student,741,42,37,431,9749,473
202,true,false,53,29,18,500,14,essential_activities,901,28,45,401,14183,429
205,true,false,53,29,18,500,14,essential_activities,901,28,45,411,15247.5,439
204,true,false,53,29,18,500,14,essential_activities,881,27,44,411,13468,438
203,true,false,53,29,18,500,14,essential_activities,1001,43,50,378,16164,421
207,true,false,53,29,18,500,14,essential_activities,841,33,42,384,13523.75,417
206,true,false,53,29,18,500,14,essential_activities,921,34,46,400,13031.5,434
209,true,false,53,29,18,500,14,essential_activities,861,28,43,382,13669,410
210,true,false,53,29,18,500,14,essential_activities,861,37,43,389,13523,426
208,true,false,53,29,18,500,14,essential_activities,1041,33,52,401,17432.5,434
211,true,false,53,29,18,500,14,essential_activities,861,41,43,388,14671.5,429
212,true,false,53,29,18,500,14,essential_activities,761,32,38,395,12639,427
214,true,false,53,29,18,500,14,essential_activities,741,29,37,397,12129.5,426
213,true,false,53,29,18,500,14,essential_activities,821,33,41,379,13288,412
216,true,false,53,29,18,500,14,essential_activities,741,34,37,394,12212.5,428
215,true,false,53,29,18,500,14,essential_activities,961,34,48,385,15363,419
218,true,false,53,29,18,500,14,essential_activities,741,33,37,395,11915.5,428
217,true,false,53,29,18,500,14,essential_activities,901,30,45,402,13746.5,432
219,true,false,53,29,18,500,14,essential_activities,941,44,47,389,13318.5,433
220,true,false,53,29,18,500,14,essential_activities,841,31,42,387,14018.5,418
223,true,false,53,29,18,500,14,essential_activities,821,32,41,387,12855,419
224,true,false,53,29,18,500,14,essential_activities,861,42,43,391,14090.5,433
222,true,false,53,29,18,500,14,essential_activities,1001,25,50,392,14588,417
225,true,false,53,29,18,500,14,essential_activities,841,44,42,382,13211,426
221,true,false,53,29,18,500,14,essential_activities,1081,33,54,394,14480.5,427
226,true,false,53,29,18,500,14,essential_activities,861,43,43,385,14557.5,428
228,true,false,53,29,18,500,14,essential_activities,781,27,39,399,12629.25,426
229,true,false,53,29,18,500,14,essential_activities,841,32,42,375,11928.5,407
227,true,false,53,29,18,500,14,essential_activities,981,35,49,383,15632.5,418
231,true,false,53,29,18,500,14,essential_activities,821,32,41,377,13893.5,409
232,true,false,53,29,18,500,14,essential_activities,721,34,36,390,11642.5,424
230,true,false,53,29,18,500,14,essential_activities,921,30,46,388,13714.5,418
233,true,false,53,29,18,500,14,essential_activities,861,37,43,381,13659,418
236,true,false,53,29,18,500,14,essential_activities,801,32,40,402,12713.5,434
235,true,false,53,29,18,500,14,essential_activities,881,39,44,398,14198,437
234,true,false,53,29,18,500,14,essential_activities,921,35,46,412,14299.5,447
237,true,false,53,29,18,500,14,essential_activities,901,23,45,392,14864.5,415
239,true,false,53,29,18,500,14,essential_activities,741,31,37,383,12163.5,414
238,true,false,53,29,18,500,14,essential_activities,1001,24,50,410,16794.5,434
240,true,false,53,29,18,500,14,essential_activities,1021,32,51,397,15965.5,429
243,true,false,53,29,18,500,14,essential_activities,881,34,44,395,14536.75,429
241,true,false,53,29,18,500,14,essential_activities,841,32,42,390,13811,422
242,true,false,53,29,18,500,14,essential_activities,921,34,46,403,14606,437
245,true,false,53,29,18,500,14,essential_activities,841,34,42,382,13313.25,416
246,true,false,53,29,18,500,14,essential_activities,801,35,40,379,12360.5,414
244,true,false,53,29,18,500,14,essential_activities,901,34,45,385,14466,419
248,true,false,53,29,18,500,14,essential_activities,801,36,40,406,12833.5,442
247,true,false,53,29,18,500,14,essential_activities,881,32,44,398,14951,430
249,true,false,53,29,18,500,14,essential_activities,781,32,39,385,12955,417
251,true,false,53,29,18,500,14,all,501,0,25,12,8910,12
252,true,false,53,29,18,500,14,all,461,3,23,14,8896.5,17
253,true,false,53,29,18,500,14,all,461,1,23,8,7288.5,9
255,true,false,53,29,18,500,14,all,521,4,26,29,10110,33
256,true,false,53,29,18,500,14,all,561,0,28,18,10125,18
250,true,false,53,29,18,500,14,essential_activities,841,25,42,385,13024,410
261,true,false,53,29,18,500,14,all,521,3,26,24,9309,27
258,true,false,53,29,18,500,14,all,541,1,27,15,10523.5,16
259,true,false,53,29,18,500,14,all,561,2,28,15,10928.5,17
254,true,false,53,29,18,500,14,all,821,4,41,42,15760.5,46
263,true,false,53,29,18,500,14,all,521,0,26,9,7290,9
264,true,false,53,29,18,500,14,all,481,0,24,13,8100,13
262,true,false,53,29,18,500,14,all,621,3,31,25,11726.5,28
266,true,false,53,29,18,500,14,all,461,1,23,21,8504,22
265,true,false,53,29,18,500,14,all,561,1,28,13,10524.5,14
257,true,false,53,29,18,500,14,all,961,3,48,39,18172.5,42
260,true,false,53,29,18,500,14,all,901,3,45,19,17364.5,22
267,true,false,53,29,18,500,14,all,501,0,25,15,8910,15
269,true,false,53,29,18,500,14,all,441,2,22,6,7290,8
273,true,false,53,29,18,500,14,all,461,1,23,23,8910,24
272,true,false,53,29,18,500,14,all,521,3,26,26,10121,29
270,true,false,53,29,18,500,14,all,581,1,29,28,11742,29
271,true,false,53,29,18,500,14,all,581,1,29,13,10526.5,14
276,true,false,53,29,18,500,14,all,441,0,22,10,7695,10
278,true,false,53,29,18,500,14,all,421,1,21,6,6881.5,7
277,true,false,53,29,18,500,14,all,401,0,20,8,8100,8
275,true,false,53,29,18,500,14,all,541,0,27,16,10530,16
279,true,false,53,29,18,500,14,all,501,0,25,10,8910,10
268,true,false,53,29,18,500,14,all,1001,1,50,20,19426,21
274,true,false,53,29,18,500,14,all,841,1,42,19,16591.5,20
283,true,false,53,29,18,500,14,all,501,2,25,12,8091.5,14
286,true,false,53,29,18,500,14,all,421,1,21,9,7695,10
281,true,false,53,29,18,500,14,all,621,3,31,8,9698.5,11
284,true,false,53,29,18,500,14,all,501,2,25,13,8494,15
285,true,false,53,29,18,500,14,all,621,1,31,10,7692,11
289,true,false,53,29,18,500,14,all,401,0,20,12,6885,12
282,true,false,53,29,18,500,14,all,781,2,39,23,14555.5,25
287,true,false,53,29,18,500,14,all,661,3,33,27,11726,30
288,true,false,53,29,18,500,14,all,741,4,37,40,14146,44
293,true,false,53,29,18,500,14,all,381,3,19,9,6881,12
291,true,false,53,29,18,500,14,all,441,0,22,14,8505,14
292,true,false,53,29,18,500,14,all,421,2,21,9,7692.5,11
298,true,false,53,29,18,500,14,all,441,0,22,11,8100,11
296,true,false,53,29,18,500,14,all,541,1,27,13,9717.5,14
299,true,false,53,29,18,500,14,all,521,4,26,20,9710.5,24
290,true,false,53,29,18,500,14,all,1001,1,50,25,18616,26
300,true,false,53,29,18,500,14,all,521,2,26,19,9712,21
297,true,false,53,29,18,500,14,all,681,1,34,15,12549,16
280,true,false,53,29,18,500,14,all,1641,3,82,26,31906.5,29
294,true,false,53,29,18,500,14,all,1121,3,56,30,21014,33
295,true,false,53,29,18,500,14,all,1041,0,52,38,17415,38
301,true,true,53,29,18,500,14,lockdown_retired,1001,22,50,226,7593.25,248
302,true,true,53,29,18,500,14,lockdown_retired,1121,27,56,232,8668.25,259
303,true,true,53,29,18,500,14,lockdown_retired,1321,17,66,224,9094.25,241
308,true,true,53,29,18,500,14,lockdown_retired,861,20,43,266,7365,286
304,true,true,53,29,18,500,14,lockdown_retired,1221,26,61,242,9820.5,268
307,true,true,53,29,18,500,14,lockdown_retired,1461,16,73,259,11413.25,275
310,true,true,53,29,18,500,14,lockdown_retired,1081,16,54,278,9223.75,294
306,true,true,53,29,18,500,14,lockdown_retired,1681,18,84,241,13833.75,259
311,true,true,53,29,18,500,14,lockdown_retired,1181,23,59,303,11096.5,326
312,true,true,53,29,18,500,14,lockdown_retired,1281,19,64,251,12030.25,270
305,true,true,53,29,18,500,14,lockdown_retired,2201,21,110,218,17611.5,239
309,true,true,53,29,18,500,14,lockdown_retired,2001,22,100,271,19728.5,293
320,true,true,53,29,18,500,14,lockdown_retired,481,3,24,8,1669.5,11
313,true,true,53,29,18,500,14,lockdown_retired,1521,23,76,242,13140,265
317,true,true,53,29,18,500,14,lockdown_retired,1361,19,68,288,12567.75,307
316,true,true,53,29,18,500,14,lockdown_retired,1501,16,75,223,11714,239
315,true,true,53,29,18,500,14,lockdown_retired,2001,18,100,222,14633.5,240
314,true,true,53,29,18,500,14,lockdown_retired,1981,10,99,129,11519.25,139
321,true,true,53,29,18,500,14,lockdown_retired,1321,13,66,233,11176,246
319,true,true,53,29,18,500,14,lockdown_retired,1381,28,69,217,10038.25,245
324,true,true,53,29,18,500,14,lockdown_retired,1121,21,56,223,9246.75,244
318,true,true,53,29,18,500,14,lockdown_retired,1881,16,94,159,12507,175
322,true,true,53,29,18,500,14,lockdown_retired,1301,14,65,179,9352.25,193
325,true,true,53,29,18,500,14,lockdown_retired,1241,20,62,260,10784,280
332,true,true,53,29,18,500,14,lockdown_retired,481,2,24,8,1498,10
323,true,true,53,29,18,500,14,lockdown_retired,1841,23,92,233,15670.5,256
327,true,true,53,29,18,500,14,lockdown_retired,1301,28,65,256,10407.25,284
328,true,true,53,29,18,500,14,lockdown_retired,1401,18,70,279,11096.5,297
326,true,true,53,29,18,500,14,lockdown_retired,1981,20,99,259,19011.75,279
331,true,true,53,29,18,500,14,lockdown_retired,1181,15,59,250,10115.5,265
329,true,true,53,29,18,500,14,lockdown_retired,1381,7,69,229,11460.75,236
330,true,true,53,29,18,500,14,lockdown_retired,1221,22,61,236,10150.75,258
334,true,true,53,29,18,500,14,lockdown_retired,1381,26,69,279,11849.75,305
335,true,true,53,29,18,500,14,lockdown_retired,1181,18,59,239,9183,257
336,true,true,53,29,18,500,14,lockdown_retired,1281,18,64,252,11485,270
339,true,true,53,29,18,500,14,lockdown_retired,1001,22,50,217,7677,239
337,true,true,53,29,18,500,14,lockdown_retired,1401,30,70,212,11457.75,242
333,true,true,53,29,18,500,14,lockdown_retired,2021,22,101,262,16955.5,284
338,true,true,53,29,18,500,14,lockdown_retired,1161,21,58,236,9190,257
341,true,true,53,29,18,500,14,lockdown_retired,1221,30,61,246,9734,276
340,true,true,53,29,18,500,14,lockdown_retired,1401,21,70,232,11643.75,253
344,true,true,53,29,18,500,14,lockdown_retired,961,20,48,201,6808.75,221
342,true,true,53,29,18,500,14,lockdown_retired,1281,12,64,214,9147.25,226
343,true,true,53,29,18,500,14,lockdown_retired,1461,13,73,225,10328.25,238
347,true,true,53,29,18,500,14,lockdown_retired,1221,22,61,268,10384.75,290
355,true,true,53,29,18,500,14,lockdown_student,581,1,29,18,1950,19
348,true,true,53,29,18,500,14,lockdown_retired,1241,18,62,235,10193.75,253
346,true,true,53,29,18,500,14,lockdown_retired,1421,18,71,277,12707.25,295
345,true,true,53,29,18,500,14,lockdown_retired,1641,13,82,265,11856.75,278
350,true,true,53,29,18,500,14,lockdown_retired,1281,25,64,225,9579.5,250
351,true,true,53,29,18,500,14,lockdown_student,1381,12,69,201,9587,213
349,true,true,53,29,18,500,14,lockdown_retired,1481,25,74,260,13353.25,285
352,true,true,53,29,18,500,14,lockdown_student,1481,20,74,226,12114,246
353,true,true,53,29,18,500,14,lockdown_student,1561,18,78,190,11786.5,208
354,true,true,53,29,18,500,14,lockdown_student,1641,23,82,230,11771.75,253
357,true,true,53,29,18,500,14,lockdown_student,1261,20,63,234,10542,254
358,true,true,53,29,18,500,14,lockdown_student,1161,19,58,210,8499,229
356,true,true,53,29,18,500,14,lockdown_student,1541,14,77,266,12434.5,280
360,true,true,53,29,18,500,14,lockdown_student,981,20,49,274,8580,294
359,true,true,53,29,18,500,14,lockdown_student,1241,20,62,253,9918,273
361,true,true,53,29,18,500,14,lockdown_student,1261,23,63,259,9930.5,282
365,true,true,53,29,18,500,14,lockdown_student,941,20,47,260,7973.5,280
366,true,true,53,29,18,500,14,lockdown_student,1081,18,54,255,8223.5,273
362,true,true,53,29,18,500,14,lockdown_student,1721,22,86,309,16392.5,331
363,true,true,53,29,18,500,14,lockdown_student,1501,18,75,262,12590,280
368,true,true,53,29,18,500,14,lockdown_student,1041,27,52,273,8901.5,300
364,true,true,53,29,18,500,14,lockdown_student,1781,24,89,298,17815,322
375,true,true,53,29,18,500,14,lockdown_student,601,0,30,14,1709.5,14
371,true,true,53,29,18,500,14,lockdown_student,1041,18,52,240,7637.5,258
370,true,true,53,29,18,500,14,lockdown_student,1321,17,66,274,11667,291
369,true,true,53,29,18,500,14,lockdown_student,1481,25,74,259,12032.5,284
373,true,true,53,29,18,500,14,lockdown_student,1501,21,75,264,14074.5,285
374,true,true,53,29,18,500,14,lockdown_student,1521,20,76,211,11106,231
372,true,true,53,29,18,500,14,lockdown_student,1781,16,89,210,11804,226
367,true,true,53,29,18,500,14,lockdown_student,2041,21,102,308,21296,329
377,true,true,53,29,18,500,14,lockdown_student,1061,23,53,227,8424,250
380,true,true,53,29,18,500,14,lockdown_student,1041,31,52,236,8193.5,267
378,true,true,53,29,18,500,14,lockdown_student,1361,21,68,238,9796.5,259
376,true,true,53,29,18,500,14,lockdown_student,1861,23,93,307,18613,330
381,true,true,53,29,18,500,14,lockdown_student,1221,29,61,260,10477.5,289
382,true,true,53,29,18,500,14,lockdown_student,1161,23,58,281,10167.5,304
383,true,true,53,29,18,500,14,lockdown_student,1361,16,68,233,10005.5,249
379,true,true,53,29,18,500,14,lockdown_student,1841,23,92,253,15199.5,276
386,true,true,53,29,18,500,14,lockdown_student,1341,12,67,209,10073,221
388,true,true,53,29,18,500,14,lockdown_student,1281,22,64,233,9884.5,255
387,true,true,53,29,18,500,14,lockdown_student,1381,27,69,266,11826,293
385,true,true,53,29,18,500,14,lockdown_student,1801,17,90,203,14562,220
384,true,true,53,29,18,500,14,lockdown_student,1921,21,96,234,15427,255
390,true,true,53,29,18,500,14,lockdown_student,1361,17,68,215,10375,232
389,true,true,53,29,18,500,14,lockdown_student,1461,23,73,224,11685,247
392,true,true,53,29,18,500,14,lockdown_student,1101,22,55,219,8354.5,241
393,true,true,53,29,18,500,14,lockdown_student,1121,20,56,288,10628.5,308
391,true,true,53,29,18,500,14,lockdown_student,1341,20,67,267,11008.5,287
394,true,true,53,29,18,500,14,lockdown_student,1421,13,71,241,11967,254
395,true,true,53,29,18,500,14,lockdown_student,1181,29,59,280,10186.5,309
400,true,true,53,29,18,500,14,lockdown_student,1061,27,53,300,9104.5,327
399,true,true,53,29,18,500,14,lockdown_student,1321,20,66,207,10546,227
396,true,true,53,29,18,500,14,lockdown_student,1661,18,83,261,12544.5,279
398,true,true,53,29,18,500,14,lockdown_student,1461,26,73,248,11909,274
401,true,true,53,29,18,500,14,none,1481,20,74,215,7688.75,235
402,true,true,53,29,18,500,14,none,1521,18,76,252,9258,270
404,true,true,53,29,18,500,14,none,1461,20,73,259,9709.25,279
405,true,true,53,29,18,500,14,none,1661,24,83,269,10054.5,293
397,true,true,53,29,18,500,14,lockdown_student,2181,18,109,223,19407.5,241
406,true,true,53,29,18,500,14,none,1401,16,70,289,8480.25,305
403,true,true,53,29,18,500,14,none,1701,25,85,289,14210,314
407,true,true,53,29,18,500,14,none,1341,20,67,205,5928.75,225
408,true,true,53,29,18,500,14,none,1321,14,66,257,7205.25,271
409,true,true,53,29,18,500,14,none,1501,20,75,257,8160,277
411,true,true,53,29,18,500,14,none,1061,25,53,232,5670.25,257
414,true,true,53,29,18,500,14,none,1141,26,57,250,6905,276
418,true,true,53,29,18,500,14,none,1041,24,52,287,7089.5,311
412,true,true,53,29,18,500,14,none,1881,13,94,271,12869,284
415,true,true,53,29,18,500,14,none,1481,22,74,242,7161.75,264
419,true,true,53,29,18,500,14,none,1321,15,66,238,7633.25,253
420,true,true,53,29,18,500,14,none,1581,25,79,254,10739.75,279
413,true,true,53,29,18,500,14,none,2621,30,131,282,21729,312
422,true,true,53,29,18,500,14,none,1361,15,68,267,7434.5,282
417,true,true,53,29,18,500,14,none,2241,26,112,247,16576,273
423,true,true,53,29,18,500,14,none,1321,21,66,242,6272,263
421,true,true,53,29,18,500,14,none,1981,26,99,267,15336,293
416,true,true,53,29,18,500,14,none,2621,15,131,234,15221,249
425,true,true,53,29,18,500,14,none,1341,20,67,271,7349.25,291
410,true,true,53,29,18,500,14,none,4001,24,200,247,29113,271
426,true,true,53,29,18,500,14,none,1501,15,75,233,7727.75,248
424,true,true,53,29,18,500,14,none,1381,26,69,268,8919.75,294
427,true,true,53,29,18,500,14,none,1341,27,67,254,8324.5,281
428,true,true,53,29,18,500,14,none,1121,26,56,285,7339.5,311
431,true,true,53,29,18,500,14,none,941,23,47,282,6246.5,305
429,true,true,53,29,18,500,14,none,1301,28,65,241,8072.25,269
432,true,true,53,29,18,500,14,none,1421,24,71,289,11267.75,313
436,true,true,53,29,18,500,14,none,1001,17,50,268,6676.5,285
433,true,true,53,29,18,500,14,none,1561,17,78,186,7450.5,203
430,true,true,53,29,18,500,14,none,1781,15,89,202,9296.75,217
435,true,true,53,29,18,500,14,none,1501,22,75,260,7522.5,282
438,true,true,53,29,18,500,14,none,1161,30,58,301,8055,331
437,true,true,53,29,18,500,14,none,1521,17,76,180,7332,197
441,true,true,53,29,18,500,14,none,1021,24,51,284,7966.75,308
434,true,true,53,29,18,500,14,none,1581,17,79,203,8778.5,220
439,true,true,53,29,18,500,14,none,1101,21,55,301,7339.5,322
442,true,true,53,29,18,500,14,none,1601,20,80,223,8551.5,243
440,true,true,53,29,18,500,14,none,1961,27,98,307,16677.25,334
445,true,true,53,29,18,500,14,none,1281,25,64,244,7511.75,269
443,true,true,53,29,18,500,14,none,1401,26,70,237,7550.5,263
447,true,true,53,29,18,500,14,none,1141,17,57,285,7972.5,302
444,true,true,53,29,18,500,14,none,1721,24,86,255,9084.25,279
449,true,true,53,29,18,500,14,none,1141,24,57,254,6965.5,278
448,true,true,53,29,18,500,14,none,1201,21,60,255,6891.75,276
450,true,true,53,29,18,500,14,none,1481,10,74,205,6180.25,215
446,true,true,53,29,18,500,14,none,1641,20,82,266,8526.25,286
452,true,true,53,29,18,500,14,lockdown_retired+student,1421,14,71,151,12357,165
453,true,true,53,29,18,500,14,lockdown_retired+student,1101,14,55,224,11110,238
455,true,true,53,29,18,500,14,lockdown_retired+student,1101,18,55,207,10524,225
454,true,true,53,29,18,500,14,lockdown_retired+student,1221,18,61,196,11865,214
451,true,true,53,29,18,500,14,lockdown_retired+student,2141,15,107,238,24407,253
457,true,true,53,29,18,500,14,lockdown_retired+student,1401,11,70,233,13870.5,244
456,true,true,53,29,18,500,14,lockdown_retired+student,1721,14,86,235,16750.5,249
463,true,true,53,29,18,500,14,lockdown_retired+student,1181,15,59,240,12287,255
466,true,true,53,29,18,500,14,lockdown_retired+student,1141,16,57,183,10669.5,199
460,true,true,53,29,18,500,14,lockdown_retired+student,1821,22,91,239,20171.5,261
458,true,true,53,29,18,500,14,lockdown_retired+student,2221,20,111,270,25870,290
464,true,true,53,29,18,500,14,lockdown_retired+student,1621,19,81,222,16475,241
461,true,true,53,29,18,500,14,lockdown_retired+student,1941,17,97,194,21055,211
462,true,true,53,29,18,500,14,lockdown_retired+student,1961,29,98,293,22500,322
459,true,true,53,29,18,500,14,lockdown_retired+student,2541,18,127,227,27523,245
467,true,true,53,29,18,500,14,lockdown_retired+student,1361,27,68,274,15180.5,301
465,true,true,53,29,18,500,14,lockdown_retired+student,1861,22,93,253,20365.5,275
468,true,true,53,29,18,500,14,lockdown_retired+student,1421,27,71,226,14359,253
469,true,true,53,29,18,500,14,lockdown_retired+student,1721,18,86,225,16636,243
473,true,true,53,29,18,500,14,lockdown_retired+student,1181,18,59,264,11481.5,282
475,true,true,53,29,18,500,14,lockdown_retired+student,1041,18,52,198,10582.5,216
474,true,true,53,29,18,500,14,lockdown_retired+student,1601,14,80,199,15988.5,213
477,true,true,53,29,18,500,14,lockdown_retired+student,1281,27,64,254,14006,281
471,true,true,53,29,18,500,14,lockdown_retired+student,2081,16,104,197,20493.5,213
470,true,true,53,29,18,500,14,lockdown_retired+student,2041,19,102,220,22140,239
478,true,true,53,29,18,500,14,lockdown_retired+student,1281,16,64,154,12299,170
476,true,true,53,29,18,500,14,lockdown_retired+student,1541,15,77,176,13571,191
480,true,true,53,29,18,500,14,lockdown_retired+student,1681,19,84,243,17353,262
472,true,true,53,29,18,500,14,lockdown_retired+student,2421,19,121,241,27565.5,260
483,true,true,53,29,18,500,14,lockdown_retired+student,1141,5,57,88,8655,93
479,true,true,53,29,18,500,14,lockdown_retired+student,1981,15,99,215,18828.5,230
481,true,true,53,29,18,500,14,lockdown_retired+student,1641,19,82,227,16562.5,246
482,true,true,53,29,18,500,14,lockdown_retired+student,1461,15,73,264,15672,279
486,true,true,53,29,18,500,14,lockdown_retired+student,1141,18,57,254,12201.5,272
485,true,true,53,29,18,500,14,lockdown_retired+student,1341,26,67,241,14112.5,267
484,true,true,53,29,18,500,14,lockdown_retired+student,1461,17,73,225,15401.5,242
487,true,true,53,29,18,500,14,lockdown_retired+student,1261,25,63,222,12525.5,247
490,true,true,53,29,18,500,14,lockdown_retired+student,1321,27,66,266,14750,293
488,true,true,53,29,18,500,14,lockdown_retired+student,1881,14,94,218,19812,232
494,true,true,53,29,18,500,14,lockdown_retired+student,1201,12,60,222,12338,234
493,true,true,53,29,18,500,14,lockdown_retired+student,1361,19,68,201,12975.5,220
491,true,true,53,29,18,500,14,lockdown_retired+student,1541,23,77,207,14591,230
495,true,true,53,29,18,500,14,lockdown_retired+student,1401,26,70,225,14767.5,251
492,true,true,53,29,18,500,14,lockdown_retired+student,1481,17,74,248,14889,265
496,true,true,53,29,18,500,14,lockdown_retired+student,1221,21,61,228,11740,249
498,true,true,53,29,18,500,14,lockdown_retired+student,1141,15,57,203,11590,218
497,true,true,53,29,18,500,14,lockdown_retired+student,1421,14,71,243,15846,257
507,true,true,53,29,18,500,14,essential_activities,541,2,27,19,6892,21
499,true,true,53,29,18,500,14,lockdown_retired+student,1421,15,71,183,14881,198
508,true,true,53,29,18,500,14,essential_activities,621,0,31,21,7965,21
500,true,true,53,29,18,500,14,lockdown_retired+student,1201,21,60,265,12447,286
510,true,true,53,29,18,500,14,essential_activities,621,2,31,21,7460,23
502,true,true,53,29,18,500,14,essential_activities,1321,8,66,131,19480,139
504,true,true,53,29,18,500,14,essential_activities,1201,14,60,122,17041.5,136
503,true,true,53,29,18,500,14,essential_activities,1241,5,62,125,16739.5,130
513,true,true,53,29,18,500,14,essential_activities,441,2,22,8,5191.5,10
501,true,true,53,29,18,500,14,essential_activities,1641,10,82,124,23318.5,134
511,true,true,53,29,18,500,14,essential_activities,1261,4,63,35,16738.5,39
506,true,true,53,29,18,500,14,essential_activities,1941,19,97,138,28325.5,157
512,true,true,53,29,18,500,14,essential_activities,1361,9,68,89,19449.5,98
517,true,true,53,29,18,500,14,essential_activities,821,2,41,36,10639.5,38
509,true,true,53,29,18,500,14,essential_activities,1741,9,87,135,23671,144
505,true,true,53,29,18,500,14,essential_activities,2321,6,116,145,32568,151
489,true,true,53,29,18,500,14,lockdown_retired+student,4481,14,224,288,55233.75,302
516,true,true,53,29,18,500,14,essential_activities,1161,0,58,54,15274,54
519,true,true,53,29,18,500,14,essential_activities,901,1,45,23,11183,24
515,true,true,53,29,18,500,14,essential_activities,1321,10,66,158,19335.5,168
514,true,true,53,29,18,500,14,essential_activities,1501,7,75,106,21584.5,113
525,true,true,53,29,18,500,14,essential_activities,401,1,20,10,5198.5,11
524,true,true,53,29,18,500,14,essential_activities,421,0,21,10,4936,10
520,true,true,53,29,18,500,14,essential_activities,801,6,40,40,10652.5,46
528,true,true,53,29,18,500,14,essential_activities,601,3,30,24,7711,27
523,true,true,53,29,18,500,14,essential_activities,1121,8,56,87,15286.5,95
518,true,true,53,29,18,500,14,essential_activities,1841,7,92,178,28141.5,185
531,true,true,53,29,18,500,14,essential_activities,881,13,44,77,11402.5,90
529,true,true,53,29,18,500,14,essential_activities,941,2,47,39,12320,41
521,true,true,53,29,18,500,14,essential_activities,1301,11,65,143,19156.5,154
530,true,true,53,29,18,500,14,essential_activities,981,8,49,66,12251.5,74
522,true,true,53,29,18,500,14,essential_activities,1521,8,76,100,20697.5,108
527,true,true,53,29,18,500,14,essential_activities,1201,7,60,76,16385.5,83
526,true,true,53,29,18,500,14,essential_activities,1201,9,60,148,18123,157
535,true,true,53,29,18,500,14,essential_activities,761,6,38,24,9426,30
533,true,true,53,29,18,500,14,essential_activities,1461,3,73,48,20350.5,51
538,true,true,53,29,18,500,14,essential_activities,861,3,43,44,10161,47
534,true,true,53,29,18,500,14,essential_activities,1241,9,62,136,17003,145
536,true,true,53,29,18,500,14,essential_activities,1121,4,56,68,15200,72
541,true,true,53,29,18,500,14,essential_activities,1061,0,53,27,14749,27
532,true,true,53,29,18,500,14,essential_activities,2221,17,111,130,31318,147
547,true,true,53,29,18,500,14,essential_activities,361,0,18,7,4137,7
545,true,true,53,29,18,500,14,essential_activities,661,3,33,32,8636,35
537,true,true,53,29,18,500,14,essential_activities,1881,12,94,145,26644,157
546,true,true,53,29,18,500,14,essential_activities,941,3,47,91,13255,94
548,true,true,53,29,18,500,14,essential_activities,781,0,39,19,10768,19
551,true,true,53,29,18,500,14,all,481,0,24,7,6075,7
540,true,true,53,29,18,500,14,essential_activities,1941,15,97,136,27537.25,151
542,true,true,53,29,18,500,14,essential_activities,1621,4,81,124,22497,128
543,true,true,53,29,18,500,14,essential_activities,1541,11,77,167,21468.5,178
539,true,true,53,29,18,500,14,essential_activities,1901,14,95,149,27913.5,163
552,true,true,53,29,18,500,14,all,541,1,27,20,10120,21
554,true,true,53,29,18,500,14,all,441,0,22,13,8505,13
553,true,true,53,29,18,500,14,all,521,0,26,16,9720,16
557,true,true,53,29,18,500,14,all,421,1,21,10,8097,11
549,true,true,53,29,18,500,14,essential_activities,1341,9,67,100,17805.5,109
555,true,true,53,29,18,500,14,all,521,4,26,8,8896,12
561,true,true,53,29,18,500,14,all,361,1,18,7,6478,8
558,true,true,53,29,18,500,14,all,541,0,27,12,8505,12
563,true,true,53,29,18,500,14,all,361,1,18,5,6478.5,6
544,true,true,53,29,18,500,14,essential_activities,1961,5,98,133,28636.5,138
560,true,true,53,29,18,500,14,all,521,2,26,7,6880.5,9
559,true,true,53,29,18,500,14,all,601,1,30,9,8908,10
564,true,true,53,29,18,500,14,all,401,0,20,8,6480,8
556,true,true,53,29,18,500,14,all,801,5,40,21,14134,26
565,true,true,53,29,18,500,14,all,441,1,22,11,7690,12
566,true,true,53,29,18,500,14,all,421,1,21,13,8098,14
567,true,true,53,29,18,500,14,all,501,0,25,11,9315,11
569,true,true,53,29,18,500,14,all,441,2,22,8,8502.5,10
570,true,true,53,29,18,500,14,all,481,1,24,10,7692,11
573,true,true,53,29,18,500,14,all,461,3,23,12,8499.5,15
572,true,true,53,29,18,500,14,all,421,3,21,10,7690,13
568,true,true,53,29,18,500,14,all,581,1,29,11,7692.5,12
574,true,true,53,29,18,500,14,all,461,1,23,10,8099,11
571,true,true,53,29,18,500,14,all,601,0,30,15,11340,15
576,true,true,53,29,18,500,14,all,581,1,29,12,8089,13
575,true,true,53,29,18,500,14,all,761,2,38,29,14564.5,31
578,true,true,53,29,18,500,14,all,581,0,29,10,8505,10
562,true,true,53,29,18,500,14,all,1361,0,68,35,25920,35
550,true,true,53,29,18,500,14,essential_activities,2341,14,117,164,36033,178
580,true,true,53,29,18,500,14,all,641,1,32,8,8502.5,9
583,true,true,53,29,18,500,14,all,501,1,25,7,7692,8
584,true,true,53,29,18,500,14,all,421,0,21,15,8100,15
581,true,true,53,29,18,500,14,all,621,2,31,9,10519.5,11
579,true,true,53,29,18,500,14,all,721,0,36,13,12555,13
587,true,true,53,29,18,500,14,all,401,1,20,8,6883,9
586,true,true,53,29,18,500,14,all,421,0,21,8,6885,8
577,true,true,53,29,18,500,14,all,921,0,46,16,18225,16
589,true,true,53,29,18,500,14,all,341,1,17,8,6479,9
588,true,true,53,29,18,500,14,all,461,2,23,7,6879.5,9
585,true,true,53,29,18,500,14,all,561,3,28,17,10519,20
591,true,true,53,29,18,500,14,all,381,0,19,9,6480,9
590,true,true,53,29,18,500,14,all,501,0,25,13,8505,13
594,true,true,53,29,18,500,14,all,441,2,22,11,8904.5,13
596,true,true,53,29,18,500,14,all,501,1,25,10,9311.5,11
595,true,true,53,29,18,500,14,all,521,2,26,14,9308.5,16
593,true,true,53,29,18,500,14,all,601,2,30,13,11326,15
597,true,true,53,29,18,500,14,all,461,0,23,18,8910,18
599,true,true,53,29,18,500,14,all,641,2,32,18,12951,20
582,true,true,53,29,18,500,14,all,1401,5,70,32,26623.5,37
600,true,true,53,29,18,500,14,all,661,3,33,19,11725,22
598,true,true,53,29,18,500,14,all,881,1,44,19,17002,20
602,false,false,53,29,18,500,14,lockdown_retired,721,32,36,468,2335,500
601,false,false,53,29,18,500,14,lockdown_retired,741,34,37,465,2304.5,499
603,false,false,53,29,18,500,14,lockdown_retired,721,39,36,461,2165,500
604,false,false,53,29,18,500,14,lockdown_retired,701,33,35,467,2280,500
592,true,true,53,29,18,500,14,all,1541,2,77,24,30366.5,26
605,false,false,53,29,18,500,14,lockdown_retired,741,41,37,459,2062,500
606,false,false,53,29,18,500,14,lockdown_retired,701,32,35,468,2113,500
607,false,false,53,29,18,500,14,lockdown_retired,681,43,34,457,2080,500
609,false,false,53,29,18,500,14,lockdown_retired,681,34,34,466,2107,500
608,false,false,53,29,18,500,14,lockdown_retired,801,26,40,474,2610.5,500
610,false,false,53,29,18,500,14,lockdown_retired,741,40,37,459,2198,499
611,false,false,53,29,18,500,14,lockdown_retired,761,31,38,469,2290.5,500
612,false,false,53,29,18,500,14,lockdown_retired,741,39,37,461,2264,500
613,false,false,53,29,18,500,14,lockdown_retired,741,45,37,454,2343,499
617,false,false,53,29,18,500,14,lockdown_retired,641,35,32,465,1992,500
614,false,false,53,29,18,500,14,lockdown_retired,641,43,32,457,1984.5,500
615,false,false,53,29,18,500,14,lockdown_retired,761,39,38,461,2306.5,500
616,false,false,53,29,18,500,14,lockdown_retired,741,36,37,464,2161,500
619,false,false,53,29,18,500,14,lockdown_retired,701,53,35,447,2033,500
618,false,false,53,29,18,500,14,lockdown_retired,721,38,36,462,2199.5,500
621,false,false,53,29,18,500,14,lockdown_retired,681,44,34,455,2127,499
620,false,false,53,29,18,500,14,lockdown_retired,701,41,35,459,2075.5,500
622,false,false,53,29,18,500,14,lockdown_retired,741,50,37,449,2109,499
623,false,false,53,29,18,500,14,lockdown_retired,801,39,40,461,2462.5,500
624,false,false,53,29,18,500,14,lockdown_retired,721,42,36,458,2249.5,500
626,false,false,53,29,18,500,14,lockdown_retired,701,31,35,469,2312,500
625,false,false,53,29,18,500,14,lockdown_retired,641,49,32,451,2009,500
628,false,false,53,29,18,500,14,lockdown_retired,741,39,37,461,2298,500
627,false,false,53,29,18,500,14,lockdown_retired,741,40,37,459,2321,499
629,false,false,53,29,18,500,14,lockdown_retired,701,39,35,461,2242.5,500
630,false,false,53,29,18,500,14,lockdown_retired,681,42,34,458,2035.5,500
631,false,false,53,29,18,500,14,lockdown_retired,681,34,34,465,2153.5,499
632,false,false,53,29,18,500,14,lockdown_retired,781,36,39,464,2365.5,500
634,false,false,53,29,18,500,14,lockdown_retired,781,42,39,458,2446,500
633,false,false,53,29,18,500,14,lockdown_retired,661,35,33,465,2221.5,500
635,false,false,53,29,18,500,14,lockdown_retired,661,37,33,463,2048.5,500
636,false,false,53,29,18,500,14,lockdown_retired,721,41,36,459,2072,500
637,false,false,53,29,18,500,14,lockdown_retired,681,40,34,460,2196,500
639,false,false,53,29,18,500,14,lockdown_retired,661,39,33,461,2132.5,500
640,false,false,53,29,18,500,14,lockdown_retired,681,34,34,466,2154.5,500
638,false,false,53,29,18,500,14,lockdown_retired,741,32,37,468,2174,500
641,false,false,53,29,18,500,14,lockdown_retired,721,45,36,455,2336.5,500
643,false,false,53,29,18,500,14,lockdown_retired,681,41,34,459,2180,500
642,false,false,53,29,18,500,14,lockdown_retired,761,31,38,469,2475.5,500
644,false,false,53,29,18,500,14,lockdown_retired,661,42,33,458,2117.5,500
645,false,false,53,29,18,500,14,lockdown_retired,801,44,40,455,2473.5,499
646,false,false,53,29,18,500,14,lockdown_retired,661,33,33,467,2039,500
647,false,false,53,29,18,500,14,lockdown_retired,781,45,39,455,2323.5,500
648,false,false,53,29,18,500,14,lockdown_retired,761,47,38,453,2212,500
649,false,false,53,29,18,500,14,lockdown_retired,721,36,36,464,2274,500
651,false,false,53,29,18,500,14,lockdown_student,641,59,32,441,2025,500
650,false,false,53,29,18,500,14,lockdown_retired,701,51,35,449,2155,500
653,false,false,53,29,18,500,14,lockdown_student,641,40,32,460,2025,500
652,false,false,53,29,18,500,14,lockdown_student,721,44,36,456,2362.5,500
654,false,false,53,29,18,500,14,lockdown_student,661,43,33,457,2160,500
655,false,false,53,29,18,500,14,lockdown_student,641,38,32,462,2092.5,500
656,false,false,53,29,18,500,14,lockdown_student,681,38,34,461,2154,499
657,false,false,53,29,18,500,14,lockdown_student,761,44,38,456,2295,500
659,false,false,53,29,18,500,14,lockdown_student,701,38,35,461,2295,499
658,false,false,53,29,18,500,14,lockdown_student,741,33,37,467,2160,500
660,false,false,53,29,18,500,14,lockdown_student,641,32,32,467,2092.5,499
661,false,false,53,29,18,500,14,lockdown_student,681,38,34,461,2160,499
663,false,false,53,29,18,500,14,lockdown_student,701,46,35,454,2227.5,500
662,false,false,53,29,18,500,14,lockdown_student,761,44,38,456,2227.5,500
664,false,false,53,29,18,500,14,lockdown_student,741,42,37,457,2219.25,499
665,false,false,53,29,18,500,14,lockdown_student,661,35,33,465,2092.5,500
668,false,false,53,29,18,500,14,lockdown_student,621,38,31,462,1890,500
667,false,false,53,29,18,500,14,lockdown_student,621,47,31,453,2092.5,500
666,false,false,53,29,18,500,14,lockdown_student,621,45,31,455,2012.25,500
669,false,false,53,29,18,500,14,lockdown_student,661,39,33,461,2160,500
670,false,false,53,29,18,500,14,lockdown_student,701,39,35,460,2295,499
672,false,false,53,29,18,500,14,lockdown_student,641,45,32,455,2025,500
673,false,false,53,29,18,500,14,lockdown_student,681,34,34,466,2160,500
671,false,false,53,29,18,500,14,lockdown_student,761,37,38,463,2430,500
674,false,false,53,29,18,500,14,lockdown_student,701,36,35,464,2160,500
675,false,false,53,29,18,500,14,lockdown_student,741,41,37,459,2430,500
676,false,false,53,29,18,500,14,lockdown_student,681,43,34,457,2151.75,500
678,false,false,53,29,18,500,14,lockdown_student,661,29,33,471,2160,500
681,false,false,53,29,18,500,14,lockdown_student,681,40,34,460,2227.5,500
680,false,false,53,29,18,500,14,lockdown_student,641,49,32,451,2025,500
677,false,false,53,29,18,500,14,lockdown_student,821,43,41,456,2565,499
679,false,false,53,29,18,500,14,lockdown_student,681,36,34,464,2227.5,500
683,false,false,53,29,18,500,14,lockdown_student,701,40,35,459,2362.5,499
682,false,false,53,29,18,500,14,lockdown_student,861,33,43,467,2565,500
684,false,false,53,29,18,500,14,lockdown_student,761,36,38,464,2430,500
686,false,false,53,29,18,500,14,lockdown_student,641,40,32,460,2025,500
685,false,false,53,29,18,500,14,lockdown_student,721,39,36,461,2025,500
687,false,false,53,29,18,500,14,lockdown_student,701,48,35,452,2227.5,500
688,false,false,53,29,18,500,14,lockdown_student,661,43,33,457,1957.5,500
690,false,false,53,29,18,500,14,lockdown_student,721,35,36,465,2160,500
689,false,false,53,29,18,500,14,lockdown_student,761,44,38,456,2160,500
692,false,false,53,29,18,500,14,lockdown_student,661,36,33,463,2160,499
693,false,false,53,29,18,500,14,lockdown_student,681,43,34,457,2212.5,500
691,false,false,53,29,18,500,14,lockdown_student,801,39,40,461,2355.75,500
694,false,false,53,29,18,500,14,lockdown_student,721,38,36,462,2092.5,500
696,false,false,53,29,18,500,14,lockdown_student,601,36,30,463,1957.5,499
695,false,false,53,29,18,500,14,lockdown_student,801,42,40,458,2430,500
697,false,false,53,29,18,500,14,lockdown_student,681,33,34,467,2227.5,500
698,false,false,53,29,18,500,14,lockdown_student,701,37,35,463,2227.5,500
699,false,false,53,29,18,500,14,lockdown_student,721,36,36,464,2295,500
701,false,false,53,29,18,500,14,none,621,40,31,460,0,500
702,false,false,53,29,18,500,14,none,641,35,32,465,0,500
700,false,false,53,29,18,500,14,lockdown_student,721,37,36,463,2295,500
703,false,false,53,29,18,500,14,none,601,51,30,449,0,500
704,false,false,53,29,18,500,14,none,721,41,36,459,0,500
706,false,false,53,29,18,500,14,none,701,40,35,460,0,500
707,false,false,53,29,18,500,14,none,661,49,33,451,0,500
705,false,false,53,29,18,500,14,none,701,35,35,465,0,500
709,false,false,53,29,18,500,14,none,641,32,32,468,0,500
708,false,false,53,29,18,500,14,none,681,39,34,461,0,500
711,false,false,53,29,18,500,14,none,721,34,36,465,0,499
710,false,false,53,29,18,500,14,none,781,40,39,460,0,500
712,false,false,53,29,18,500,14,none,681,44,34,456,0,500
713,false,false,53,29,18,500,14,none,741,42,37,458,0,500
714,false,false,53,29,18,500,14,none,781,37,39,463,0,500
715,false,false,53,29,18,500,14,none,781,42,39,458,0,500
717,false,false,53,29,18,500,14,none,661,39,33,460,0,499
718,false,false,53,29,18,500,14,none,721,40,36,460,0,500
716,false,false,53,29,18,500,14,none,641,45,32,455,0,500
719,false,false,53,29,18,500,14,none,721,45,36,455,0,500
720,false,false,53,29,18,500,14,none,701,35,35,465,0,500
721,false,false,53,29,18,500,14,none,761,41,38,459,0,500
722,false,false,53,29,18,500,14,none,681,38,34,462,0,500
723,false,false,53,29,18,500,14,none,681,34,34,466,0,500
724,false,false,53,29,18,500,14,none,781,43,39,457,0,500
725,false,false,53,29,18,500,14,none,701,43,35,457,0,500
726,false,false,53,29,18,500,14,none,661,44,33,456,0,500
729,false,false,53,29,18,500,14,none,661,38,33,462,0,500
728,false,false,53,29,18,500,14,none,781,37,39,463,0,500
730,false,false,53,29,18,500,14,none,721,36,36,464,0,500
727,false,false,53,29,18,500,14,none,861,39,43,461,0,500
732,false,false,53,29,18,500,14,none,661,43,33,457,0,500
733,false,false,53,29,18,500,14,none,681,37,34,463,0,500
731,false,false,53,29,18,500,14,none,781,29,39,471,0,500
734,false,false,53,29,18,500,14,none,641,43,32,457,0,500
736,false,false,53,29,18,500,14,none,681,40,34,460,0,500
735,false,false,53,29,18,500,14,none,741,46,37,454,0,500
737,false,false,53,29,18,500,14,none,721,38,36,462,0,500
738,false,false,53,29,18,500,14,none,721,49,36,451,0,500
739,false,false,53,29,18,500,14,none,661,38,33,462,0,500
740,false,false,53,29,18,500,14,none,641,44,32,456,0,500
743,false,false,53,29,18,500,14,none,621,45,31,455,0,500
741,false,false,53,29,18,500,14,none,701,41,35,458,0,499
744,false,false,53,29,18,500,14,none,681,45,34,455,0,500
742,false,false,53,29,18,500,14,none,681,37,34,463,0,500
746,false,false,53,29,18,500,14,none,781,44,39,456,0,500
745,false,false,53,29,18,500,14,none,841,34,42,466,0,500
747,false,false,53,29,18,500,14,none,661,44,33,456,0,500
749,false,false,53,29,18,500,14,none,641,32,32,468,0,500
748,false,false,53,29,18,500,14,none,701,42,35,458,0,500
750,false,false,53,29,18,500,14,none,681,48,34,452,0,500
751,false,false,53,29,18,500,14,lockdown_retired+student,861,41,43,458,5143.5,499
752,false,false,53,29,18,500,14,lockdown_retired+student,801,47,40,452,4715,499
755,false,false,53,29,18,500,14,lockdown_retired+student,741,37,37,461,4824.5,498
754,false,false,53,29,18,500,14,lockdown_retired+student,681,46,34,454,4545,500
753,false,false,53,29,18,500,14,lockdown_retired+student,921,39,46,461,5650.25,500
756,false,false,53,29,18,500,14,lockdown_retired+student,721,38,36,461,4803,499
757,false,false,53,29,18,500,14,lockdown_retired+student,761,36,38,462,4453.5,498
758,false,false,53,29,18,500,14,lockdown_retired+student,721,45,36,454,4539.5,499
759,false,false,53,29,18,500,14,lockdown_retired+student,761,40,38,460,4674,500
760,false,false,53,29,18,500,14,lockdown_retired+student,781,43,39,456,4981.5,499
763,false,false,53,29,18,500,14,lockdown_retired+student,721,47,36,453,4286,500
764,false,false,53,29,18,500,14,lockdown_retired+student,681,26,34,474,4369.5,500
761,false,false,53,29,18,500,14,lockdown_retired+student,861,29,43,470,5500,499
762,false,false,53,29,18,500,14,lockdown_retired+student,781,44,39,455,4779,499
767,false,false,53,29,18,500,14,lockdown_retired+student,661,41,33,459,4417.5,500
765,false,false,53,29,18,500,14,lockdown_retired+student,801,32,40,468,5199.5,500
766,false,false,53,29,18,500,14,lockdown_retired+student,841,34,42,466,5091.5,500
768,false,false,53,29,18,500,14,lockdown_retired+student,781,42,39,457,4915.5,499
769,false,false,53,29,18,500,14,lockdown_retired+student,741,41,37,457,4443.5,498
771,false,false,53,29,18,500,14,lockdown_retired+student,601,45,30,455,3882.5,500
770,false,false,53,29,18,500,14,lockdown_retired+student,701,41,35,459,4532.5,500
772,false,false,53,29,18,500,14,lockdown_retired+student,761,47,38,452,4888,499
773,false,false,53,29,18,500,14,lockdown_retired+student,761,45,38,455,4803.5,500
774,false,false,53,29,18,500,14,lockdown_retired+student,821,37,41,463,4789.75,500
775,false,false,53,29,18,500,14,lockdown_retired+student,741,43,37,455,4517.5,498
777,false,false,53,29,18,500,14,lockdown_retired+student,681,42,34,458,4145,500
776,false,false,53,29,18,500,14,lockdown_retired+student,821,36,41,463,5188.5,499
778,false,false,53,29,18,500,14,lockdown_retired+student,761,46,38,454,4386.5,500
780,false,false,53,29,18,500,14,lockdown_retired+student,781,39,39,459,4799,498
779,false,false,53,29,18,500,14,lockdown_retired+student,741,34,37,465,4838.5,499
781,false,false,53,29,18,500,14,lockdown_retired+student,821,29,41,470,4864,499
783,false,false,53,29,18,500,14,lockdown_retired+student,781,49,39,450,5030.5,499
782,false,false,53,29,18,500,14,lockdown_retired+student,781,32,39,468,4716.5,500
784,false,false,53,29,18,500,14,lockdown_retired+student,801,39,40,461,4825.5,500
785,false,false,53,29,18,500,14,lockdown_retired+student,781,44,39,455,4794,499
786,false,false,53,29,18,500,14,lockdown_retired+student,721,36,36,463,4321.5,499
788,false,false,53,29,18,500,14,lockdown_retired+student,741,32,37,467,4699,499
787,false,false,53,29,18,500,14,lockdown_retired+student,761,42,38,458,4697.5,500
789,false,false,53,29,18,500,14,lockdown_retired+student,661,38,33,461,4305,499
790,false,false,53,29,18,500,14,lockdown_retired+student,821,43,41,457,4976.5,500
791,false,false,53,29,18,500,14,lockdown_retired+student,661,43,33,457,4115,500
792,false,false,53,29,18,500,14,lockdown_retired+student,681,44,34,456,4406,500
793,false,false,53,29,18,500,14,lockdown_retired+student,741,37,37,462,4538.5,499
796,false,false,53,29,18,500,14,lockdown_retired+student,761,48,38,452,4623,500
795,false,false,53,29,18,500,14,lockdown_retired+student,861,49,43,451,4961,500
797,false,false,53,29,18,500,14,lockdown_retired+student,801,39,40,460,4816.5,499
794,false,false,53,29,18,500,14,lockdown_retired+student,901,44,45,456,5489.5,500
798,false,false,53,29,18,500,14,lockdown_retired+student,861,32,43,468,4857.5,500
799,false,false,53,29,18,500,14,lockdown_retired+student,761,42,38,458,4812.5,500
800,false,false,53,29,18,500,14,lockdown_retired+student,681,28,34,472,4472.5,500
801,false,false,53,29,18,500,14,essential_activities,861,40,43,451,11155,491
802,false,false,53,29,18,500,14,essential_activities,901,38,45,461,11192,499
803,false,false,53,29,18,500,14,essential_activities,921,39,46,457,11366.5,496
804,false,false,53,29,18,500,14,essential_activities,941,42,47,452,11599,494
806,false,false,53,29,18,500,14,essential_activities,901,42,45,457,11592,499
805,false,false,53,29,18,500,14,essential_activities,881,28,44,469,11257.5,497
808,false,false,53,29,18,500,14,essential_activities,921,37,46,459,11161.5,496
807,false,false,53,29,18,500,14,essential_activities,801,32,40,465,10140,497
809,false,false,53,29,18,500,14,essential_activities,881,38,44,462,10902.75,500
810,false,false,53,29,18,500,14,essential_activities,901,28,45,466,11199,494
811,false,false,53,29,18,500,14,essential_activities,1041,36,52,460,12219.5,496
812,false,false,53,29,18,500,14,essential_activities,981,31,49,459,12323,490
813,false,false,53,29,18,500,14,essential_activities,941,43,47,450,11632.5,493
815,false,false,53,29,18,500,14,essential_activities,941,37,47,462,11371.5,499
817,false,false,53,29,18,500,14,essential_activities,921,35,46,460,11429,495
814,false,false,53,29,18,500,14,essential_activities,1121,42,56,456,12887.5,498
818,false,false,53,29,18,500,14,essential_activities,861,43,43,449,10639,492
816,false,false,53,29,18,500,14,essential_activities,941,35,47,463,11448.5,498
819,false,false,53,29,18,500,14,essential_activities,981,35,49,460,12985.5,495
822,false,false,53,29,18,500,14,essential_activities,841,35,42,458,10674,493
820,false,false,53,29,18,500,14,essential_activities,961,45,48,453,11615,498
823,false,false,53,29,18,500,14,essential_activities,761,49,38,446,9792.5,495
824,false,false,53,29,18,500,14,essential_activities,841,46,42,451,10526,497
821,false,false,53,29,18,500,14,essential_activities,1261,44,63,451,15933.5,495
825,false,false,53,29,18,500,14,essential_activities,901,40,45,460,11140.5,500
827,false,false,53,29,18,500,14,essential_activities,841,35,42,462,10909,497
826,false,false,53,29,18,500,14,essential_activities,801,34,40,462,10420,496
832,false,false,53,29,18,500,14,essential_activities,761,34,38,463,9916,497
831,false,false,53,29,18,500,14,essential_activities,861,40,43,456,11114.5,496
830,false,false,53,29,18,500,14,essential_activities,841,40,42,451,10593,491
828,false,false,53,29,18,500,14,essential_activities,881,40,44,457,11117.5,497
829,false,false,53,29,18,500,14,essential_activities,921,38,46,458,10178.5,496
834,false,false,53,29,18,500,14,essential_activities,881,39,44,459,11410,498
833,false,false,53,29,18,500,14,essential_activities,901,38,45,457,11158.5,495
835,false,false,53,29,18,500,14,essential_activities,921,43,46,456,10559.5,499
836,false,false,53,29,18,500,14,essential_activities,1041,43,52,451,13381.5,494
837,false,false,53,29,18,500,14,essential_activities,921,45,46,450,11635.5,495
840,false,false,53,29,18,500,14,essential_activities,821,30,41,464,10645.5,494
838,false,false,53,29,18,500,14,essential_activities,901,36,45,457,11163.5,493
841,false,false,53,29,18,500,14,essential_activities,861,35,43,462,10936,497
842,false,false,53,29,18,500,14,essential_activities,861,43,43,451,11102,494
839,false,false,53,29,18,500,14,essential_activities,941,44,47,448,11349.5,492
844,false,false,53,29,18,500,14,essential_activities,801,37,40,458,10133.5,495
843,false,false,53,29,18,500,14,essential_activities,921,36,46,460,11963,496
845,false,false,53,29,18,500,14,essential_activities,941,41,47,457,11628.5,498
846,false,false,53,29,18,500,14,essential_activities,801,41,40,453,10406.5,494
847,false,false,53,29,18,500,14,essential_activities,901,27,45,468,11723,495
848,false,false,53,29,18,500,14,essential_activities,781,40,39,455,10331.5,495
850,false,false,53,29,18,500,14,essential_activities,921,46,46,452,11399,498
849,false,false,53,29,18,500,14,essential_activities,941,41,47,457,11952.5,498
851,false,false,53,29,18,500,14,all,1181,1,59,22,23467.5,23
854,false,false,53,29,18,500,14,all,1401,2,70,50,26711,52
856,false,false,53,29,18,500,14,all,1441,7,72,45,26603,52
863,false,false,53,29,18,500,14,all,1041,4,52,39,18983,43
852,false,false,53,29,18,500,14,all,2321,13,116,126,44984,139
860,false,false,53,29,18,500,14,all,1341,3,67,67,26284,70
857,false,false,53,29,18,500,14,all,2461,14,123,101,47345.5,115
861,false,false,53,29,18,500,14,all,1981,6,99,80,37418.5,86
865,false,false,53,29,18,500,14,all,1261,6,63,43,24580,49
859,false,false,53,29,18,500,14,all,2161,9,108,99,41837,108
862,false,false,53,29,18,500,14,all,2001,7,100,117,38721.5,124
853,false,false,53,29,18,500,14,all,3361,21,168,290,66085,311
858,false,false,53,29,18,500,14,all,3281,12,164,96,64996.5,108
869,false,false,53,29,18,500,14,all,1441,9,72,85,28173,94
867,false,false,53,29,18,500,14,all,2481,10,124,82,48275,92
864,false,false,53,29,18,500,14,all,3101,14,155,136,61433.5,150
868,false,false,53,29,18,500,14,all,2461,6,123,93,49198,99
871,false,false,53,29,18,500,14,all,1861,7,93,131,36648.5,138
873,false,false,53,29,18,500,14,all,1761,12,88,129,33745,141
874,false,false,53,29,18,500,14,all,1601,15,80,104,30500.5,119
866,false,false,53,29,18,500,14,all,3361,10,168,148,67143.5,158
855,false,false,53,29,18,500,14,all,5481,17,274,242,107930.5,259
875,false,false,53,29,18,500,14,all,1941,7,97,115,37485,122
870,false,false,53,29,18,500,14,all,3361,9,168,119,66867,128
876,false,false,53,29,18,500,14,all,2541,8,127,112,49877.5,120
880,false,false,53,29,18,500,14,all,1501,5,75,73,29490,78
872,false,false,53,29,18,500,14,all,3421,13,171,143,67585,156
878,false,false,53,29,18,500,14,all,1981,13,99,137,38171,150
879,false,false,53,29,18,500,14,all,2081,13,104,126,40914.5,139
883,false,false,53,29,18,500,14,all,1541,7,77,106,30655.5,113
885,false,false,53,29,18,500,14,all,1401,7,70,84,26609,91
886,false,false,53,29,18,500,14,all,1581,3,79,69,30722,72
877,false,false,53,29,18,500,14,all,2921,6,146,106,58400,112
882,false,false,53,29,18,500,14,all,2221,17,111,144,43558.5,161
890,false,false,53,29,18,500,14,all,861,6,43,36,16150,42
881,false,false,53,29,18,500,14,all,2661,14,133,108,53278,122
884,false,false,53,29,18,500,14,all,2501,8,125,115,48744.5,123
893,false,false,53,29,18,500,14,all,881,7,44,41,15773,48
892,false,false,53,29,18,500,14,all,1481,4,74,52,28284.5,56
889,false,false,53,29,18,500,14,all,1741,9,87,80,33800.5,89
896,false,false,53,29,18,500,14,all,1061,2,53,40,19828,42
894,false,false,53,29,18,500,14,all,1461,5,73,79,28668,84
887,false,false,53,29,18,500,14,all,2841,19,142,199,55390,218
891,false,false,53,29,18,500,14,all,2021,8,101,113,40223.5,121
895,false,false,53,29,18,500,14,all,2261,20,113,139,44335.5,159
900,false,false,53,29,18,500,14,all,1901,9,95,53,36979,62
899,false,false,53,29,18,500,14,all,2081,6,104,97,40316,103
898,false,false,53,29,18,500,14,all,2301,19,115,210,42092.5,229
888,false,false,53,29,18,500,14,all,3961,9,198,124,77859,133
901,false,true,53,29,18,500,14,lockdown_retired,1461,43,73,443,4360,486
902,false,true,53,29,18,500,14,lockdown_retired,1121,38,56,450,3441,488
904,false,true,53,29,18,500,14,lockdown_retired,1141,39,57,436,3622.5,475
903,false,true,53,29,18,500,14,lockdown_retired,1141,33,57,450,3665.5,483
905,false,true,53,29,18,500,14,lockdown_retired,1421,46,71,436,4205,482
906,false,true,53,29,18,500,14,lockdown_retired,1141,36,57,451,3436,487
907,false,true,53,29,18,500,14,lockdown_retired,1101,45,55,434,3236.5,479
897,false,false,53,29,18,500,14,all,3641,18,182,257,69926.5,275
908,false,true,53,29,18,500,14,lockdown_retired,1041,36,52,444,3265,480
909,false,true,53,29,18,500,14,lockdown_retired,1141,51,57,431,3497.5,482
912,false,true,53,29,18,500,14,lockdown_retired,1161,39,58,452,3497.5,491
910,false,true,53,29,18,500,14,lockdown_retired,1301,35,65,449,3821,484
914,false,true,53,29,18,500,14,lockdown_retired,1241,36,62,453,3636,489
911,false,true,53,29,18,500,14,lockdown_retired,1281,34,64,450,3991.5,484
913,false,true,53,29,18,500,14,lockdown_retired,1161,35,58,447,3648.5,482
916,false,true,53,29,18,500,14,lockdown_retired,1161,41,58,447,3630,488
915,false,true,53,29,18,500,14,lockdown_retired,1521,32,76,459,4336,491
918,false,true,53,29,18,500,14,lockdown_retired,1021,36,51,451,3173.5,487
917,false,true,53,29,18,500,14,lockdown_retired,1221,31,61,453,3930,484
919,false,true,53,29,18,500,14,lockdown_retired,1341,43,67,441,3949.5,484
920,false,true,53,29,18,500,14,lockdown_retired,1101,42,55,445,3452.5,487
921,false,true,53,29,18,500,14,lockdown_retired,1221,37,61,440,3852.5,477
924,false,true,53,29,18,500,14,lockdown_retired,1261,41,63,435,3920.5,476
922,false,true,53,29,18,500,14,lockdown_retired,1401,43,70,443,4102.5,486
923,false,true,53,29,18,500,14,lockdown_retired,1081,30,54,448,3610,478
927,false,true,53,29,18,500,14,lockdown_retired,1141,40,57,445,3492,485
926,false,true,53,29,18,500,14,lockdown_retired,1341,36,67,442,4140,478
925,false,true,53,29,18,500,14,lockdown_retired,1441,33,72,457,4320,490
929,false,true,53,29,18,500,14,lockdown_retired,1301,35,65,448,3985,483
928,false,true,53,29,18,500,14,lockdown_retired,1321,33,66,447,4037.5,480
930,false,true,53,29,18,500,14,lockdown_retired,1061,43,53,442,3238.5,485
931,false,true,53,29,18,500,14,lockdown_retired,1121,31,56,455,3490.5,486
932,false,true,53,29,18,500,14,lockdown_retired,1401,43,70,435,3831,478
933,false,true,53,29,18,500,14,lockdown_retired,1081,36,54,451,3445.5,487
935,false,true,53,29,18,500,14,lockdown_retired,1161,41,58,439,3517.5,480
934,false,true,53,29,18,500,14,lockdown_retired,1401,36,70,440,4330.5,476
936,false,true,53,29,18,500,14,lockdown_retired,1141,36,57,452,3673.5,488
937,false,true,53,29,18,500,14,lockdown_retired,1281,41,64,438,3641.5,479
938,false,true,53,29,18,500,14,lockdown_retired,1161,35,58,449,3684.5,484
939,false,true,53,29,18,500,14,lockdown_retired,1401,37,70,441,4291,478
940,false,true,53,29,18,500,14,lockdown_retired,1221,40,61,440,3661.5,480
942,false,true,53,29,18,500,14,lockdown_retired,1161,43,58,443,3342,486
941,false,true,53,29,18,500,14,lockdown_retired,1301,36,65,449,3864.5,485
943,false,true,53,29,18,500,14,lockdown_retired,1161,37,58,446,3624.5,483
944,false,true,53,29,18,500,14,lockdown_retired,1141,37,57,443,3585,480
945,false,true,53,29,18,500,14,lockdown_retired,1221,30,61,449,4024.5,479
947,false,true,53,29,18,500,14,lockdown_retired,1201,28,60,451,3779.5,479
946,false,true,53,29,18,500,14,lockdown_retired,1241,39,62,450,3788.5,489
949,false,true,53,29,18,500,14,lockdown_retired,1341,35,67,437,3902,472
948,false,true,53,29,18,500,14,lockdown_retired,1301,41,65,444,3659,485
951,false,true,53,29,18,500,14,lockdown_student,1101,35,55,447,3442.5,482
952,false,true,53,29,18,500,14,lockdown_student,1321,31,66,450,4320,481
950,false,true,53,29,18,500,14,lockdown_retired,1641,37,82,450,5073.5,487
953,false,true,53,29,18,500,14,lockdown_student,1101,46,55,441,3577.5,487
954,false,true,53,29,18,500,14,lockdown_student,1061,31,53,448,3375,479
955,false,true,53,29,18,500,14,lockdown_student,1201,38,60,444,3982.5,482
956,false,true,53,29,18,500,14,lockdown_student,1201,40,60,443,3780,483
957,false,true,53,29,18,500,14,lockdown_student,1101,42,55,436,3645,478
959,false,true,53,29,18,500,14,lockdown_student,1101,29,55,458,3577.5,487
958,false,true,53,29,18,500,14,lockdown_student,1241,33,62,447,4050,480
960,false,true,53,29,18,500,14,lockdown_student,1281,40,64,445,4117.5,485
963,false,true,53,29,18,500,14,lockdown_student,1201,44,60,439,3982.5,483
962,false,true,53,29,18,500,14,lockdown_student,1221,40,61,445,3577.5,485
961,false,true,53,29,18,500,14,lockdown_student,1281,52,64,433,4050,485
965,false,true,53,29,18,500,14,lockdown_student,1161,44,58,445,3847.5,489
964,false,true,53,29,18,500,14,lockdown_student,1401,47,70,431,4387.5,478
966,false,true,53,29,18,500,14,lockdown_student,1161,46,58,435,3915,481
967,false,true,53,29,18,500,14,lockdown_student,1141,46,57,431,3577.5,477
971,false,true,53,29,18,500,14,lockdown_student,1241,42,62,444,3915,486
969,false,true,53,29,18,500,14,lockdown_student,1161,36,58,450,3780,486
970,false,true,53,29,18,500,14,lockdown_student,1241,38,62,437,3915,475
968,false,true,53,29,18,500,14,lockdown_student,1341,44,67,437,4320,481
972,false,true,53,29,18,500,14,lockdown_student,1081,39,54,433,3577.5,472
973,false,true,53,29,18,500,14,lockdown_student,1501,26,75,458,4725,484
974,false,true,53,29,18,500,14,lockdown_student,1281,36,64,448,4185,484
975,false,true,53,29,18,500,14,lockdown_student,1361,34,68,445,4252.5,479
977,false,true,53,29,18,500,14,lockdown_student,1201,46,60,438,3915,484
976,false,true,53,29,18,500,14,lockdown_student,1221,39,61,448,3915,487
978,false,true,53,29,18,500,14,lockdown_student,1301,41,65,434,4252.5,475
980,false,true,53,29,18,500,14,lockdown_student,1241,46,62,441,4117.5,487
982,false,true,53,29,18,500,14,lockdown_student,1101,49,55,425,3645,474
979,false,true,53,29,18,500,14,lockdown_student,1201,36,60,450,3982.5,486
981,false,true,53,29,18,500,14,lockdown_student,1121,36,56,450,3645,486
984,false,true,53,29,18,500,14,lockdown_student,1181,47,59,432,3712.5,479
983,false,true,53,29,18,500,14,lockdown_student,1161,39,58,442,3847.5,481
986,false,true,53,29,18,500,14,lockdown_student,1141,34,57,453,3645,487
985,false,true,53,29,18,500,14,lockdown_student,1481,37,74,453,4860,490
987,false,true,53,29,18,500,14,lockdown_student,1421,40,71,446,3915,486
990,false,true,53,29,18,500,14,lockdown_student,1081,33,54,451,3375,484
991,false,true,53,29,18,500,14,lockdown_student,1141,41,57,441,3645,482
989,false,true,53,29,18,500,14,lockdown_student,1441,37,72,449,4387.5,486
988,false,true,53,29,18,500,14,lockdown_student,1521,37,76,440,4050,477
992,false,true,53,29,18,500,14,lockdown_student,1381,44,69,433,4455,477
994,false,true,53,29,18,500,14,lockdown_student,1181,44,59,440,3944.25,484
993,false,true,53,29,18,500,14,lockdown_student,1201,43,60,447,3780,490
995,false,true,53,29,18,500,14,lockdown_student,1601,44,80,441,5332.5,485
996,false,true,53,29,18,500,14,lockdown_student,1161,35,58,448,3780,483
998,false,true,53,29,18,500,14,lockdown_student,1081,41,54,442,3577.5,483
997,false,true,53,29,18,500,14,lockdown_student,1261,41,63,447,4185,488
1001,false,true,53,29,18,500,14,none,1061,35,53,454,0,489
1000,false,true,53,29,18,500,14,lockdown_student,1201,42,60,437,3780,479
1002,false,true,53,29,18,500,14,none,1041,41,52,444,0,485
1004,false,true,53,29,18,500,14,none,1101,38,55,444,0,482
999,false,true,53,29,18,500,14,lockdown_student,1661,36,83,455,5062.5,491
1003,false,true,53,29,18,500,14,none,1381,32,69,445,0,477
1005,false,true,53,29,18,500,14,none,1201,43,60,445,0,488
1007,false,true,53,29,18,500,14,none,1301,40,65,448,0,488
1008,false,true,53,29,18,500,14,none,1201,44,60,439,0,483
1006,false,true,53,29,18,500,14,none,1301,49,65,435,0,484
1009,false,true,53,29,18,500,14,none,1481,35,74,451,0,486
1010,false,true,53,29,18,500,14,none,1521,43,76,450,0,493
1011,false,true,53,29,18,500,14,none,1221,38,61,443,0,481
1012,false,true,53,29,18,500,14,none,1361,57,68,423,0,480
1013,false,true,53,29,18,500,14,none,1221,42,61,441,0,483
1014,false,true,53,29,18,500,14,none,1361,32,68,449,0,481
1015,false,true,53,29,18,500,14,none,1081,36,54,455,0,491
1018,false,true,53,29,18,500,14,none,1141,44,57,445,0,489
1016,false,true,53,29,18,500,14,none,1281,34,64,446,0,480
1017,false,true,53,29,18,500,14,none,1441,40,72,447,0,487
1020,false,true,53,29,18,500,14,none,1061,29,53,443,0,472
1019,false,true,53,29,18,500,14,none,1481,51,74,425,0,476
1021,false,true,53,29,18,500,14,none,1701,35,85,448,0,483
1022,false,true,53,29,18,500,14,none,1261,38,63,444,0,482
1023,false,true,53,29,18,500,14,none,1601,29,80,456,0,485
1026,false,true,53,29,18,500,14,none,1001,40,50,449,0,489
1028,false,true,53,29,18,500,14,none,1121,33,56,451,0,484
1027,false,true,53,29,18,500,14,none,1181,37,59,450,0,487
1024,false,true,53,29,18,500,14,none,1301,31,65,458,0,489
1025,false,true,53,29,18,500,14,none,1481,35,74,448,0,483
1030,false,true,53,29,18,500,14,none,1061,37,53,445,0,482
1031,false,true,53,29,18,500,14,none,1201,43,60,432,0,475
1032,false,true,53,29,18,500,14,none,1121,36,56,448,0,484
1029,false,true,53,29,18,500,14,none,1701,43,85,440,0,483
1033,false,true,53,29,18,500,14,none,1281,35,64,439,0,474
1035,false,true,53,29,18,500,14,none,1201,46,60,433,0,479
1034,false,true,53,29,18,500,14,none,1321,39,66,446,0,485
1036,false,true,53,29,18,500,14,none,1181,38,59,453,0,491
1037,false,true,53,29,18,500,14,none,1321,33,66,446,0,479
1040,false,true,53,29,18,500,14,none,1121,38,56,442,0,480
1042,false,true,53,29,18,500,14,none,961,42,48,442,0,484
1038,false,true,53,29,18,500,14,none,1361,32,68,452,0,484
1039,false,true,53,29,18,500,14,none,1441,42,72,442,0,484
1044,false,true,53,29,18,500,14,none,1121,36,56,452,0,488
1041,false,true,53,29,18,500,14,none,1661,34,83,451,0,485
1043,false,true,53,29,18,500,14,none,1401,33,70,456,0,489
1045,false,true,53,29,18,500,14,none,1221,39,61,445,0,484
1046,false,true,53,29,18,500,14,none,1161,42,58,440,0,482
1047,false,true,53,29,18,500,14,none,1381,43,69,438,0,481
1048,false,true,53,29,18,500,14,none,1501,32,75,459,0,491
1049,false,true,53,29,18,500,14,none,1521,44,76,439,0,483
1050,false,true,53,29,18,500,14,none,1301,42,65,445,0,487
1052,false,true,53,29,18,500,14,lockdown_retired+student,1181,29,59,445,7501,474
1053,false,true,53,29,18,500,14,lockdown_retired+student,1501,39,75,426,9588.5,465
1055,false,true,53,29,18,500,14,lockdown_retired+student,1241,45,62,429,7756,474
1051,false,true,53,29,18,500,14,lockdown_retired+student,1701,44,85,433,10278,477
1057,false,true,53,29,18,500,14,lockdown_retired+student,1201,31,60,449,7522.5,480
1056,false,true,53,29,18,500,14,lockdown_retired+student,1241,42,62,429,7715.5,471
1054,false,true,53,29,18,500,14,lockdown_retired+student,1401,42,70,434,8886.5,476
1058,false,true,53,29,18,500,14,lockdown_retired+student,1881,36,94,450,11762.5,486
1059,false,true,53,29,18,500,14,lockdown_retired+student,1201,37,60,439,7702.5,476
1060,false,true,53,29,18,500,14,lockdown_retired+student,1281,39,64,438,8343,477
1061,false,true,53,29,18,500,14,lockdown_retired+student,1541,37,77,436,9653,473
1062,false,true,53,29,18,500,14,lockdown_retired+student,1301,49,65,420,8091.5,469
1063,false,true,53,29,18,500,14,lockdown_retired+student,1261,34,63,444,8021.5,478
1067,false,true,53,29,18,500,14,lockdown_retired+student,1401,36,70,436,9010,472
1066,false,true,53,29,18,500,14,lockdown_retired+student,1181,35,59,436,7618,471
1065,false,true,53,29,18,500,14,lockdown_retired+student,1241,42,62,442,7948.5,484
1069,false,true,53,29,18,500,14,lockdown_retired+student,1161,41,58,437,7243.5,478
1064,false,true,53,29,18,500,14,lockdown_retired+student,1361,36,68,444,8768,480
1068,false,true,53,29,18,500,14,lockdown_retired+student,1401,39,70,425,8689,464
1072,false,true,53,29,18,500,14,lockdown_retired+student,1121,32,56,443,6947.5,475
1070,false,true,53,29,18,500,14,lockdown_retired+student,1321,29,66,449,7765,478
1071,false,true,53,29,18,500,14,lockdown_retired+student,1701,36,85,439,10621.5,475
1073,false,true,53,29,18,500,14,lockdown_retired+student,1461,38,73,441,9159.5,479
1074,false,true,53,29,18,500,14,lockdown_retired+student,1121,36,56,443,7365,479
1078,false,true,53,29,18,500,14,lockdown_retired+student,1161,40,58,444,7443,484
1076,false,true,53,29,18,500,14,lockdown_retired+student,1481,40,74,441,8100,481
1079,false,true,53,29,18,500,14,lockdown_retired+student,1121,44,56,427,7247,471
1080,false,true,53,29,18,500,14,lockdown_retired+student,1141,44,57,439,7091.5,483
1077,false,true,53,29,18,500,14,lockdown_retired+student,1301,38,65,450,8088.5,488
1075,false,true,53,29,18,500,14,lockdown_retired+student,1681,33,84,445,10395.5,478
1081,false,true,53,29,18,500,14,lockdown_retired+student,1361,36,68,444,8476.5,480
1083,false,true,53,29,18,500,14,lockdown_retired+student,1101,38,55,431,7058,469
1082,false,true,53,29,18,500,14,lockdown_retired+student,1441,41,72,433,8724.5,474
1084,false,true,53,29,18,500,14,lockdown_retired+student,1181,49,59,432,7399.5,481
1085,false,true,53,29,18,500,14,lockdown_retired+student,1421,42,71,433,8313,475
1086,false,true,53,29,18,500,14,lockdown_retired+student,1081,38,54,442,6797.5,480
1088,false,true,53,29,18,500,14,lockdown_retired+student,1201,52,60,425,7523,477
1087,false,true,53,29,18,500,14,lockdown_retired+student,1501,41,75,447,9087,488
1092,false,true,53,29,18,500,14,lockdown_retired+student,1221,33,61,439,7816.5,472
1089,false,true,53,29,18,500,14,lockdown_retired+student,1481,38,74,445,9376.5,483
1091,false,true,53,29,18,500,14,lockdown_retired+student,1401,36,70,435,9118,471
1093,false,true,53,29,18,500,14,lockdown_retired+student,1141,39,57,435,7302,474
1090,false,true,53,29,18,500,14,lockdown_retired+student,1441,31,72,444,9133.5,475
1094,false,true,53,29,18,500,14,lockdown_retired+student,1381,38,69,444,8823.5,482
1095,false,true,53,29,18,500,14,lockdown_retired+student,1141,44,57,432,7144,476
1097,false,true,53,29,18,500,14,lockdown_retired+student,1361,38,68,436,8840,474
1096,false,true,53,29,18,500,14,lockdown_retired+student,1601,32,80,444,9390.5,476
1099,false,true,53,29,18,500,14,lockdown_retired+student,1301,37,65,442,8308,479
1098,false,true,53,29,18,500,14,lockdown_retired+student,1701,40,85,441,10814,481
1100,false,true,53,29,18,500,14,lockdown_retired+student,1161,32,58,445,7762,477
1101,false,true,53,29,18,500,14,essential_activities,1281,40,64,394,16455,434
1103,false,true,53,29,18,500,14,essential_activities,1381,31,69,409,18029.5,440
1102,false,true,53,29,18,500,14,essential_activities,1521,40,76,400,18688.5,440
1107,false,true,53,29,18,500,14,essential_activities,1301,36,65,429,17006.5,465
1106,false,true,53,29,18,500,14,essential_activities,1661,34,83,431,21330,465
1105,false,true,53,29,18,500,14,essential_activities,1721,35,86,422,22370,457
1104,false,true,53,29,18,500,14,essential_activities,1981,49,99,397,25086.5,446
1108,false,true,53,29,18,500,14,essential_activities,1801,36,90,419,23024.5,455
1110,false,true,53,29,18,500,14,essential_activities,1741,34,87,420,22670,454
1109,false,true,53,29,18,500,14,essential_activities,1621,30,81,415,21362.5,445
1112,false,true,53,29,18,500,14,essential_activities,1421,38,71,418,18837,456
1111,false,true,53,29,18,500,14,essential_activities,1601,35,80,418,19887.5,453
1117,false,true,53,29,18,500,14,essential_activities,1341,41,67,431,16636.5,472
1113,false,true,53,29,18,500,14,essential_activities,1541,37,77,422,19814.5,459
1116,false,true,53,29,18,500,14,essential_activities,1561,30,78,417,19241,447
1114,false,true,53,29,18,500,14,essential_activities,1541,31,77,426,19646.5,457
1115,false,true,53,29,18,500,14,essential_activities,1501,36,75,422,19409,458
1118,false,true,53,29,18,500,14,essential_activities,1421,32,71,420,18044.5,452
1119,false,true,53,29,18,500,14,essential_activities,1401,29,70,427,18706.5,456
1120,false,true,53,29,18,500,14,essential_activities,1561,46,78,407,19881.5,453
1121,false,true,53,29,18,500,14,essential_activities,1541,34,77,407,19033,441
1122,false,true,53,29,18,500,14,essential_activities,1521,26,76,442,19503.5,468
1125,false,true,53,29,18,500,14,essential_activities,1521,37,76,417,19849.5,454
1124,false,true,53,29,18,500,14,essential_activities,1501,30,75,419,18652,449
1123,false,true,53,29,18,500,14,essential_activities,1701,38,85,400,22422.75,438
1127,false,true,53,29,18,500,14,essential_activities,1481,37,74,405,18784.25,442
1128,false,true,53,29,18,500,14,essential_activities,1301,28,65,418,16014.5,446
1126,false,true,53,29,18,500,14,essential_activities,1601,31,80,418,20149.5,449
1129,false,true,53,29,18,500,14,essential_activities,1681,35,84,421,22150.5,456
1131,false,true,53,29,18,500,14,essential_activities,1361,30,68,421,17972,451
1133,false,true,53,29,18,500,14,essential_activities,1321,37,66,413,16167.5,450
1132,false,true,53,29,18,500,14,essential_activities,1821,38,91,421,22994.5,459
1130,false,true,53,29,18,500,14,essential_activities,2701,36,135,421,35263.5,457
1134,false,true,53,29,18,500,14,essential_activities,1401,40,70,419,17951.5,459
1135,false,true,53,29,18,500,14,essential_activities,1501,29,75,421,19629,450
1138,false,true,53,29,18,500,14,essential_activities,1421,33,71,422,18104.5,455
1137,false,true,53,29,18,500,14,essential_activities,1541,40,77,398,19519,438
1136,false,true,53,29,18,500,14,essential_activities,1601,32,80,416,19834.5,448
1140,false,true,53,29,18,500,14,essential_activities,1561,40,78,413,20346,453
1139,false,true,53,29,18,500,14,essential_activities,1781,36,89,416,23153,452
1141,false,true,53,29,18,500,14,essential_activities,1561,33,78,416,19379.5,449
1142,false,true,53,29,18,500,14,essential_activities,1681,33,84,427,21048,460
1144,false,true,53,29,18,500,14,essential_activities,1421,34,71,409,18266,443
1143,false,true,53,29,18,500,14,essential_activities,1641,28,82,416,19266.5,444
1146,false,true,53,29,18,500,14,essential_activities,1341,34,67,414,17453.75,448
1152,false,true,53,29,18,500,14,all,1001,2,50,21,19818.5,23
1151,false,true,53,29,18,500,14,all,1061,3,53,25,21007.5,28
1147,false,true,53,29,18,500,14,essential_activities,1561,41,78,399,20285,440
1153,false,true,53,29,18,500,14,all,1181,0,59,23,21870,23
1145,false,true,53,29,18,500,14,essential_activities,1841,33,92,423,22797,456
1149,false,true,53,29,18,500,14,essential_activities,1401,35,70,412,18028.5,447
1148,false,true,53,29,18,500,14,essential_activities,1841,34,92,417,23884,451
1150,false,true,53,29,18,500,14,essential_activities,1521,35,76,414,19598,449
1159,false,true,53,29,18,500,14,all,1221,2,61,33,21036.5,35
1155,false,true,53,29,18,500,14,all,1981,2,99,50,39621.5,52
1165,false,true,53,29,18,500,14,all,841,1,42,32,14974.5,33
1161,false,true,53,29,18,500,14,all,1641,7,82,51,33016,58
1160,false,true,53,29,18,500,14,all,2161,5,108,47,43169,52
1163,false,true,53,29,18,500,14,all,1681,6,84,49,32246.5,55
1157,false,true,53,29,18,500,14,all,2321,10,116,52,45387.5,62
1164,false,true,53,29,18,500,14,all,1741,8,87,76,34670.5,84
1162,false,true,53,29,18,500,14,all,1861,10,93,81,36599.5,91
1154,false,true,53,29,18,500,14,all,3681,10,184,95,72680.5,105
1156,false,true,53,29,18,500,14,all,3941,10,197,136,78286,146
1168,false,true,53,29,18,500,14,all,1901,6,95,48,37105.5,54
1173,false,true,53,29,18,500,14,all,1581,6,79,60,31453.5,66
1174,false,true,53,29,18,500,14,all,1481,4,74,34,27880,38
1172,false,true,53,29,18,500,14,all,1901,8,95,88,37428.5,96
1167,false,true,53,29,18,500,14,all,3241,3,162,92,64200,95
1166,false,true,53,29,18,500,14,all,2861,8,143,99,56815,107
1158,false,true,53,29,18,500,14,all,4781,9,239,136,94998,145
1175,false,true,53,29,18,500,14,all,1881,2,94,90,37220,92
1176,false,true,53,29,18,500,14,all,1841,5,92,51,36705.5,56
1177,false,true,53,29,18,500,14,all,1441,2,72,41,28309,43
1170,false,true,53,29,18,500,14,all,3221,6,161,78,64120.5,84
1181,false,true,53,29,18,500,14,all,1261,4,63,27,24658,31
1182,false,true,53,29,18,500,14,all,1201,7,60,58,23787,65
1185,false,true,53,29,18,500,14,all,701,2,35,17,12536,19
1178,false,true,53,29,18,500,14,all,1861,8,93,86,36656.5,94
1171,false,true,53,29,18,500,14,all,3961,14,198,118,78524.5,132
1187,false,true,53,29,18,500,14,all,1301,4,65,30,25039,34
1179,false,true,53,29,18,500,14,all,2641,5,132,64,52778,69
1169,false,true,53,29,18,500,14,all,4641,8,232,94,90943,102
1188,false,true,53,29,18,500,14,all,1541,5,77,26,29509.5,31
1190,false,true,53,29,18,500,14,all,1381,4,69,50,25455,54
1184,false,true,53,29,18,500,14,all,2181,5,109,54,42763.5,59
1183,false,true,53,29,18,500,14,all,2221,2,111,51,42078.5,53
1186,false,true,53,29,18,500,14,all,2501,8,125,87,49915,95
1194,false,true,53,29,18,500,14,all,1061,3,53,20,20614.5,23
1192,false,true,53,29,18,500,14,all,1441,9,72,77,28552.5,86
1189,false,true,53,29,18,500,14,all,2161,5,108,35,41973.5,40
1191,false,true,53,29,18,500,14,all,2041,8,102,69,40232,77
1195,false,true,53,29,18,500,14,all,1241,8,62,67,24584,75
1180,false,true,53,29,18,500,14,all,4301,15,215,133,84706,148
1199,false,true,53,29,18,500,14,all,1261,2,63,30,24263,32
1197,false,true,53,29,18,500,14,all,1361,1,68,26,25920,27
1198,false,true,53,29,18,500,14,all,1441,2,72,34,28711.5,36
1196,false,true,53,29,18,500,14,all,2761,4,138,103,54905,107
1200,false,true,53,29,18,500,14,all,1481,4,74,50,29081,54
1193,false,true,53,29,18,500,14,all,3921,12,196,60,77812.5,72
