"[run number]","proportion_retired","people","security_measures","detection_sick_people","proportion_worker","infectious_rate","duration","lockdown_type","proportion_student","[step]","n_of_death","days","count turtles with [color = gray]","Neg_student + Neg_retired + Neg_worker","count turtles with [color = gray] + n_of_death"
"7","29","500","false","false","53","3","14","lockdown_worker","18","381","8","19","492","5035","500"
"4","29","500","false","false","53","3","14","lockdown_worker","18","401","13","20","487","5300","500"
"8","29","500","false","false","53","3","14","lockdown_worker","18","401","8","20","492","5300","500"
"9","29","500","false","false","53","3","14","lockdown_worker","18","401","12","20","488","5300","500"
"11","29","500","false","false","53","3","14","lockdown_worker","18","381","16","19","484","5035","500"
"5","29","500","false","false","53","3","14","lockdown_worker","18","401","16","20","484","5300","500"
"6","29","500","false","false","53","3","14","lockdown_worker","18","401","10","20","490","5300","500"
"10","29","500","false","false","53","3","14","lockdown_worker","18","401","13","20","487","5300","500"
"3","29","500","false","false","53","3","14","lockdown_worker","18","381","14","19","486","5035","500"
"2","29","500","false","false","53","3","14","lockdown_worker","18","401","15","20","485","5300","500"
"12","29","500","false","false","53","3","14","lockdown_worker","18","401","12","20","488","5300","500"
"1","29","500","false","false","53","3","14","lockdown_worker","18","421","12","21","488","5300","500"
"13","29","500","false","false","53","3","14","lockdown_worker","18","381","9","19","491","5035","500"
"14","29","500","false","false","53","3","14","lockdown_worker","18","401","13","20","487","5300","500"
"18","29","500","false","false","53","3","14","lockdown_worker","18","381","10","19","490","5035","500"
"15","29","500","false","false","53","3","14","lockdown_worker","18","421","11","21","489","5565","500"
"20","29","500","false","false","53","3","14","lockdown_worker","18","401","15","20","485","5300","500"
"16","29","500","false","false","53","3","14","lockdown_worker","18","441","14","22","486","5830","500"
"19","29","500","false","false","53","3","14","lockdown_worker","18","401","9","20","491","5300","500"
"17","29","500","false","false","53","3","14","lockdown_worker","18","401","9","20","491","5300","500"
"21","29","500","false","false","53","3","14","lockdown_worker","18","401","11","20","489","5300","500"
"23","29","500","false","false","53","3","14","lockdown_worker","18","401","7","20","493","5300","500"
"22","29","500","false","false","53","3","14","lockdown_worker","18","441","14","22","486","5830","500"
"24","29","500","false","false","53","3","14","lockdown_worker","18","441","5","22","495","5565","500"
"25","29","500","false","false","53","3","14","lockdown_worker","18","381","10","19","490","5035","500"
"26","29","500","false","false","53","3","14","lockdown_worker","18","421","11","21","489","5565","500"
"28","29","500","false","false","53","3","14","lockdown_worker","18","381","10","19","490","5035","500"
"29","29","500","false","false","53","3","14","lockdown_worker","18","381","12","19","488","5035","500"
"30","29","500","false","false","53","3","14","lockdown_worker","18","401","15","20","485","5300","500"
"32","29","500","false","false","53","3","14","lockdown_worker","18","381","5","19","495","5035","500"
"27","29","500","false","false","53","3","14","lockdown_worker","18","401","8","20","492","5300","500"
"33","29","500","false","false","53","3","14","lockdown_worker","18","381","13","19","487","5035","500"
"31","29","500","false","false","53","3","14","lockdown_worker","18","401","6","20","494","5300","500"
"34","29","500","false","false","53","3","14","lockdown_worker","18","381","11","19","489","5035","500"
"35","29","500","false","false","53","3","14","lockdown_worker","18","381","13","19","487","5035","500"
"36","29","500","false","false","53","3","14","lockdown_worker","18","401","10","20","490","5300","500"
"37","29","500","false","false","53","3","14","lockdown_worker","18","361","9","18","491","4770","500"
"38","29","500","false","false","53","3","14","lockdown_worker","18","401","7","20","493","5300","500"
"40","29","500","false","false","53","3","14","lockdown_worker","18","381","15","19","485","5035","500"
"42","29","500","false","false","53","3","14","lockdown_worker","18","361","11","18","489","4770","500"
"41","29","500","false","false","53","3","14","lockdown_worker","18","401","11","20","489","5300","500"
"39","29","500","false","false","53","3","14","lockdown_worker","18","421","12","21","488","5565","500"
"45","29","500","false","false","53","3","14","lockdown_worker","18","401","12","20","488","5300","500"
"43","29","500","false","false","53","3","14","lockdown_worker","18","421","10","21","490","5300","500"
"44","29","500","false","false","53","3","14","lockdown_worker","18","421","11","21","489","5565","500"
"46","29","500","false","false","53","3","14","lockdown_worker","18","381","14","19","486","5035","500"
"47","29","500","false","false","53","3","14","lockdown_worker","18","441","9","22","491","5830","500"
"48","29","500","false","false","53","3","14","lockdown_worker","18","401","9","20","491","5300","500"
"49","29","500","false","false","53","3","14","lockdown_worker","18","401","15","20","485","5300","500"
"54","29","500","false","false","53","3","14","lockdown_worker","18","361","14","18","486","4770","500"
"52","29","500","false","false","53","3","14","lockdown_worker","18","381","14","19","486","5035","500"
"50","29","500","false","false","53","3","14","lockdown_worker","18","401","14","20","486","5300","500"
"51","29","500","false","false","53","3","14","lockdown_worker","18","401","13","20","487","5300","500"
"53","29","500","false","false","53","3","14","lockdown_worker","18","401","15","20","485","5300","500"
"55","29","500","false","false","53","3","14","lockdown_worker","18","421","7","21","493","5565","500"
"56","29","500","false","false","53","3","14","lockdown_worker","18","401","11","20","489","5300","500"
"57","29","500","false","false","53","3","14","lockdown_worker","18","381","11","19","489","5035","500"
"58","29","500","false","false","53","3","14","lockdown_worker","18","401","10","20","490","5300","500"
"59","29","500","false","false","53","3","14","lockdown_worker","18","381","16","19","484","5035","500"
"60","29","500","false","false","53","3","14","lockdown_worker","18","401","11","20","489","5300","500"
"61","29","500","false","false","53","3","14","lockdown_worker","18","401","11","20","489","5300","500"
"62","29","500","false","false","53","3","14","lockdown_worker","18","381","10","19","490","5035","500"
"65","29","500","false","false","53","3","14","lockdown_worker","18","401","12","20","488","5300","500"
"63","29","500","false","false","53","3","14","lockdown_worker","18","401","15","20","485","5300","500"
"64","29","500","false","false","53","3","14","lockdown_worker","18","401","13","20","487","5300","500"
"66","29","500","false","false","53","3","14","lockdown_worker","18","401","14","20","486","5300","500"
"67","29","500","false","false","53","3","14","lockdown_worker","18","381","12","19","488","5035","500"
"68","29","500","false","false","53","3","14","lockdown_worker","18","381","12","19","488","5035","500"
"69","29","500","false","false","53","3","14","lockdown_worker","18","421","12","21","488","5565","500"
"70","29","500","false","false","53","3","14","lockdown_worker","18","401","16","20","484","5300","500"
"71","29","500","false","false","53","3","14","lockdown_worker","18","381","7","19","493","5035","500"
"72","29","500","false","false","53","3","14","lockdown_worker","18","401","14","20","486","5300","500"
"73","29","500","false","false","53","3","14","lockdown_worker","18","401","11","20","489","5300","500"
"78","29","500","false","false","53","3","14","lockdown_worker","18","401","12","20","488","5300","500"
"75","29","500","false","false","53","3","14","lockdown_worker","18","421","13","21","487","5300","500"
"76","29","500","false","false","53","3","14","lockdown_worker","18","401","14","20","486","5300","500"
"79","29","500","false","false","53","3","14","lockdown_worker","18","401","19","20","481","5300","500"
"77","29","500","false","false","53","3","14","lockdown_worker","18","401","13","20","487","5300","500"
"74","29","500","false","false","53","3","14","lockdown_worker","18","441","10","22","490","5830","500"
"80","29","500","false","false","53","3","14","lockdown_worker","18","381","15","19","485","5035","500"
"81","29","500","false","false","53","3","14","lockdown_worker","18","421","20","21","480","5565","500"
"82","29","500","false","false","53","3","14","lockdown_worker","18","401","10","20","490","5300","500"
"83","29","500","false","false","53","3","14","lockdown_worker","18","381","14","19","486","5035","500"
"85","29","500","false","false","53","3","14","lockdown_worker","18","401","9","20","491","5300","500"
"84","29","500","false","false","53","3","14","lockdown_worker","18","421","15","21","485","5565","500"
"86","29","500","false","false","53","3","14","lockdown_worker","18","381","16","19","484","5035","500"
"87","29","500","false","false","53","3","14","lockdown_worker","18","441","20","22","480","5830","500"
"91","29","500","false","false","53","3","14","lockdown_worker","18","381","11","19","489","5035","500"
"89","29","500","false","false","53","3","14","lockdown_worker","18","421","14","21","486","5565","500"
"90","29","500","false","false","53","3","14","lockdown_worker","18","401","9","20","491","5300","500"
"88","29","500","false","false","53","3","14","lockdown_worker","18","401","10","20","490","5300","500"
"92","29","500","false","false","53","3","14","lockdown_worker","18","421","12","21","488","5565","500"
"93","29","500","false","false","53","3","14","lockdown_worker","18","421","18","21","482","5565","500"
"94","29","500","false","false","53","3","14","lockdown_worker","18","401","14","20","486","5300","500"
"96","29","500","false","false","53","3","14","lockdown_worker","18","401","15","20","485","5300","500"
"95","29","500","false","false","53","3","14","lockdown_worker","18","421","11","21","489","5565","500"
"97","29","500","false","false","53","3","14","lockdown_worker","18","421","12","21","488","5565","500"
"98","29","500","false","false","53","3","14","lockdown_worker","18","401","16","20","484","5300","500"
"101","29","500","false","false","53","3","14","lockdown_retired","18","361","10","18","490","1291.5","500"
"99","29","500","false","false","53","3","14","lockdown_worker","18","401","13","20","487","5300","500"
"103","29","500","false","false","53","3","14","lockdown_retired","18","361","11","18","489","1296","500"
"102","29","500","false","false","53","3","14","lockdown_retired","18","361","17","18","483","1288.5","500"
"104","29","500","false","false","53","3","14","lockdown_retired","18","361","12","18","488","1293","500"
"100","29","500","false","false","53","3","14","lockdown_worker","18","421","10","21","490","5565","500"
"105","29","500","false","false","53","3","14","lockdown_retired","18","361","11","18","489","1290.5","500"
"106","29","500","false","false","53","3","14","lockdown_retired","18","361","9","18","491","1295","500"
"107","29","500","false","false","53","3","14","lockdown_retired","18","361","9","18","491","1296.5","500"
"110","29","500","false","false","53","3","14","lockdown_retired","18","361","11","18","489","1292.5","500"
"108","29","500","false","false","53","3","14","lockdown_retired","18","361","14","18","486","1296","500"
"111","29","500","false","false","53","3","14","lockdown_retired","18","361","9","18","491","1294.5","500"
"112","29","500","false","false","53","3","14","lockdown_retired","18","361","10","18","490","1294","500"
"109","29","500","false","false","53","3","14","lockdown_retired","18","361","13","18","487","1293","500"
"114","29","500","false","false","53","3","14","lockdown_retired","18","341","11","17","489","1226.5","500"
"113","29","500","false","false","53","3","14","lockdown_retired","18","381","12","19","488","1364.5","500"
"115","29","500","false","false","53","3","14","lockdown_retired","18","361","12","18","488","1290.5","500"
"116","29","500","false","false","53","3","14","lockdown_retired","18","381","18","19","482","1352.5","500"
"117","29","500","false","false","53","3","14","lockdown_retired","18","361","15","18","485","1289.5","500"
"118","29","500","false","false","53","3","14","lockdown_retired","18","361","7","18","493","1298","500"
"119","29","500","false","false","53","3","14","lockdown_retired","18","381","12","19","488","1359","500"
"120","29","500","false","false","53","3","14","lockdown_retired","18","361","11","18","489","1292.5","500"
"122","29","500","false","false","53","3","14","lockdown_retired","18","361","8","18","492","1296","500"
"125","29","500","false","false","53","3","14","lockdown_retired","18","361","16","18","484","1286","500"
"121","29","500","false","false","53","3","14","lockdown_retired","18","341","11","17","489","1225.5","500"
"123","29","500","false","false","53","3","14","lockdown_retired","18","361","16","18","484","1290","500"
"127","29","500","false","false","53","3","14","lockdown_retired","18","361","9","18","491","1298.5","500"
"126","29","500","false","false","53","3","14","lockdown_retired","18","361","10","18","490","1296","500"
"128","29","500","false","false","53","3","14","lockdown_retired","18","381","8","19","492","1368","500"
"124","29","500","false","false","53","3","14","lockdown_retired","18","361","10","18","490","1295.5","500"
"129","29","500","false","false","53","3","14","lockdown_retired","18","361","16","18","484","1289.5","500"
"130","29","500","false","false","53","3","14","lockdown_retired","18","361","10","18","490","1295.5","500"
"131","29","500","false","false","53","3","14","lockdown_retired","18","361","14","18","486","1289","500"
"132","29","500","false","false","53","3","14","lockdown_retired","18","361","8","18","492","1300","500"
"133","29","500","false","false","53","3","14","lockdown_retired","18","361","11","18","489","1295.5","500"
"134","29","500","false","false","53","3","14","lockdown_retired","18","361","14","18","486","1293.5","500"
"136","29","500","false","false","53","3","14","lockdown_retired","18","361","9","18","491","1295","500"
"137","29","500","false","false","53","3","14","lockdown_retired","18","361","13","18","487","1292.5","500"
"138","29","500","false","false","53","3","14","lockdown_retired","18","361","6","18","494","1299","500"
"135","29","500","false","false","53","3","14","lockdown_retired","18","341","14","17","486","1224.5","500"
"139","29","500","false","false","53","3","14","lockdown_retired","18","361","9","18","491","1298","500"
"140","29","500","false","false","53","3","14","lockdown_retired","18","381","7","19","493","1367.5","500"
"141","29","500","false","false","53","3","14","lockdown_retired","18","361","13","18","487","1295.5","500"
"142","29","500","false","false","53","3","14","lockdown_retired","18","341","11","17","489","1223.5","500"
"143","29","500","false","false","53","3","14","lockdown_retired","18","361","16","18","484","1220","500"
"144","29","500","false","false","53","3","14","lockdown_retired","18","361","16","18","484","1289.5","500"
"145","29","500","false","false","53","3","14","lockdown_retired","18","361","11","18","489","1295","500"
"146","29","500","false","false","53","3","14","lockdown_retired","18","381","6","19","494","1369","500"
"147","29","500","false","false","53","3","14","lockdown_retired","18","361","13","18","487","1289","500"
"148","29","500","false","false","53","3","14","lockdown_retired","18","361","14","18","486","1294.5","500"
"151","29","500","false","false","53","3","14","lockdown_retired","18","341","14","17","486","1220","500"
"149","29","500","false","false","53","3","14","lockdown_retired","18","361","9","18","491","1295.5","500"
"150","29","500","false","false","53","3","14","lockdown_retired","18","361","12","18","488","1290","500"
"153","29","500","false","false","53","3","14","lockdown_retired","18","381","6","19","494","1368","500"
"152","29","500","false","false","53","3","14","lockdown_retired","18","341","15","17","485","1222.5","500"
"154","29","500","false","false","53","3","14","lockdown_retired","18","361","13","18","487","1291.5","500"
"155","29","500","false","false","53","3","14","lockdown_retired","18","361","9","18","491","1296","500"
"156","29","500","false","false","53","3","14","lockdown_retired","18","341","11","17","489","1225.5","500"
"157","29","500","false","false","53","3","14","lockdown_retired","18","361","11","18","489","1292.5","500"
"159","29","500","false","false","53","3","14","lockdown_retired","18","361","18","18","482","1285","500"
"158","29","500","false","false","53","3","14","lockdown_retired","18","361","13","18","487","1291.5","500"
"160","29","500","false","false","53","3","14","lockdown_retired","18","361","9","18","491","1296","500"
"161","29","500","false","false","53","3","14","lockdown_retired","18","341","10","17","490","1226.5","500"
"162","29","500","false","false","53","3","14","lockdown_retired","18","361","8","18","492","1296","500"
"163","29","500","false","false","53","3","14","lockdown_retired","18","361","10","18","490","1293.5","500"
"164","29","500","false","false","53","3","14","lockdown_retired","18","361","13","18","487","1291.5","500"
"166","29","500","false","false","53","3","14","lockdown_retired","18","361","11","18","489","1298.5","500"
"165","29","500","false","false","53","3","14","lockdown_retired","18","361","9","18","491","1296","500"
"167","29","500","false","false","53","3","14","lockdown_retired","18","381","11","19","489","1363","500"
"168","29","500","false","false","53","3","14","lockdown_retired","18","361","7","18","493","1226","500"
"169","29","500","false","false","53","3","14","lockdown_retired","18","361","15","18","485","1289.5","500"
"170","29","500","false","false","53","3","14","lockdown_retired","18","361","11","18","489","1297","500"
"172","29","500","false","false","53","3","14","lockdown_retired","18","341","11","17","489","1227","500"
"171","29","500","false","false","53","3","14","lockdown_retired","18","341","10","17","490","1227.5","500"
"173","29","500","false","false","53","3","14","lockdown_retired","18","381","11","19","489","1361","500"
"174","29","500","false","false","53","3","14","lockdown_retired","18","361","9","18","491","1298","500"
"176","29","500","false","false","53","3","14","lockdown_retired","18","341","7","17","493","1228","500"
"175","29","500","false","false","53","3","14","lockdown_retired","18","341","10","17","490","1226","500"
"177","29","500","false","false","53","3","14","lockdown_retired","18","361","5","18","495","1301","500"
"178","29","500","false","false","53","3","14","lockdown_retired","18","381","9","19","491","1367.5","500"
"179","29","500","false","false","53","3","14","lockdown_retired","18","341","13","17","487","1223","500"
"180","29","500","false","false","53","3","14","lockdown_retired","18","361","13","18","487","1292","500"
"181","29","500","false","false","53","3","14","lockdown_retired","18","361","6","18","494","1300","500"
"182","29","500","false","false","53","3","14","lockdown_retired","18","361","18","18","482","1285","500"
"183","29","500","false","false","53","3","14","lockdown_retired","18","341","12","17","488","1223","500"
"184","29","500","false","false","53","3","14","lockdown_retired","18","361","12","18","488","1293","500"
"185","29","500","false","false","53","3","14","lockdown_retired","18","361","16","18","484","1289","500"
"186","29","500","false","false","53","3","14","lockdown_retired","18","361","11","18","489","1292.5","500"
"187","29","500","false","false","53","3","14","lockdown_retired","18","361","16","18","484","1286","500"
"189","29","500","false","false","53","3","14","lockdown_retired","18","361","14","18","486","1285","500"
"188","29","500","false","false","53","3","14","lockdown_retired","18","361","13","18","487","1290.5","500"
"190","29","500","false","false","53","3","14","lockdown_retired","18","361","15","18","485","1291","500"
"192","29","500","false","false","53","3","14","lockdown_retired","18","361","11","18","489","1292","500"
"191","29","500","false","false","53","3","14","lockdown_retired","18","381","16","19","484","1354","500"
"193","29","500","false","false","53","3","14","lockdown_retired","18","361","7","18","493","1296","500"
"194","29","500","false","false","53","3","14","lockdown_retired","18","361","10","18","490","1295","500"
"195","29","500","false","false","53","3","14","lockdown_retired","18","361","15","18","485","1292.5","500"
"197","29","500","false","false","53","3","14","lockdown_retired","18","361","8","18","492","1296.5","500"
"198","29","500","false","false","53","3","14","lockdown_retired","18","361","8","18","492","1296","500"
"196","29","500","false","false","53","3","14","lockdown_retired","18","361","15","18","485","1290","500"
"199","29","500","false","false","53","3","14","lockdown_retired","18","381","12","19","488","1363.5","500"
"200","29","500","false","false","53","3","14","lockdown_retired","18","361","13","18","487","1294.5","500"
"201","29","500","false","false","53","3","14","lockdown_student","18","361","13","18","487","1215","500"
"202","29","500","false","false","53","3","14","lockdown_student","18","361","11","18","489","1215","500"
"203","29","500","false","false","53","3","14","lockdown_student","18","361","8","18","492","1215","500"
"205","29","500","false","false","53","3","14","lockdown_student","18","361","11","18","489","1215","500"
"206","29","500","false","false","53","3","14","lockdown_student","18","361","13","18","487","1215","500"
"204","29","500","false","false","53","3","14","lockdown_student","18","361","16","18","484","1215","500"
"207","29","500","false","false","53","3","14","lockdown_student","18","361","12","18","488","1215","500"
"210","29","500","false","false","53","3","14","lockdown_student","18","361","18","18","482","1215","500"
"208","29","500","false","false","53","3","14","lockdown_student","18","361","10","18","490","1215","500"
"209","29","500","false","false","53","3","14","lockdown_student","18","361","14","18","486","1215","500"
"211","29","500","false","false","53","3","14","lockdown_student","18","361","8","18","492","1215","500"
"212","29","500","false","false","53","3","14","lockdown_student","18","361","12","18","488","1215","500"
"213","29","500","false","false","53","3","14","lockdown_student","18","361","10","18","490","1215","500"
"214","29","500","false","false","53","3","14","lockdown_student","18","361","10","18","490","1215","500"
"215","29","500","false","false","53","3","14","lockdown_student","18","361","14","18","486","1215","500"
"216","29","500","false","false","53","3","14","lockdown_student","18","361","11","18","489","1215","500"
"217","29","500","false","false","53","3","14","lockdown_student","18","381","21","19","479","1215","500"
"218","29","500","false","false","53","3","14","lockdown_student","18","361","6","18","494","1215","500"
"220","29","500","false","false","53","3","14","lockdown_student","18","361","9","18","491","1215","500"
"219","29","500","false","false","53","3","14","lockdown_student","18","361","6","18","494","1215","500"
"221","29","500","false","false","53","3","14","lockdown_student","18","381","11","19","489","1282.5","500"
"222","29","500","false","false","53","3","14","lockdown_student","18","361","16","18","484","1215","500"
"223","29","500","false","false","53","3","14","lockdown_student","18","381","10","19","490","1282.5","500"
"224","29","500","false","false","53","3","14","lockdown_student","18","361","13","18","487","1215","500"
"225","29","500","false","false","53","3","14","lockdown_student","18","361","14","18","486","1215","500"
"227","29","500","false","false","53","3","14","lockdown_student","18","381","17","19","483","1282.5","500"
"228","29","500","false","false","53","3","14","lockdown_student","18","361","17","18","483","1215","500"
"226","29","500","false","false","53","3","14","lockdown_student","18","361","11","18","489","1215","500"
"229","29","500","false","false","53","3","14","lockdown_student","18","361","11","18","489","1215","500"
"232","29","500","false","false","53","3","14","lockdown_student","18","361","9","18","491","1215","500"
"230","29","500","false","false","53","3","14","lockdown_student","18","361","13","18","487","1215","500"
"231","29","500","false","false","53","3","14","lockdown_student","18","361","13","18","487","1215","500"
"233","29","500","false","false","53","3","14","lockdown_student","18","381","13","19","487","1282.5","500"
"234","29","500","false","false","53","3","14","lockdown_student","18","361","9","18","491","1215","500"
"235","29","500","false","false","53","3","14","lockdown_student","18","361","9","18","491","1215","500"
"236","29","500","false","false","53","3","14","lockdown_student","18","381","11","19","489","1282.5","500"
"237","29","500","false","false","53","3","14","lockdown_student","18","361","9","18","491","1215","500"
"238","29","500","false","false","53","3","14","lockdown_student","18","361","11","18","489","1215","500"
"239","29","500","false","false","53","3","14","lockdown_student","18","381","11","19","489","1282.5","500"
"240","29","500","false","false","53","3","14","lockdown_student","18","341","9","17","491","1147.5","500"
"241","29","500","false","false","53","3","14","lockdown_student","18","381","15","19","485","1282.5","500"
"244","29","500","false","false","53","3","14","lockdown_student","18","341","8","17","492","1147.5","500"
"242","29","500","false","false","53","3","14","lockdown_student","18","361","6","18","494","1215","500"
"245","29","500","false","false","53","3","14","lockdown_student","18","361","15","18","485","1215","500"
"243","29","500","false","false","53","3","14","lockdown_student","18","361","10","18","490","1215","500"
"246","29","500","false","false","53","3","14","lockdown_student","18","361","15","18","485","1215","500"
"247","29","500","false","false","53","3","14","lockdown_student","18","361","12","18","488","1215","500"
"248","29","500","false","false","53","3","14","lockdown_student","18","361","21","18","479","1215","500"
"250","29","500","false","false","53","3","14","lockdown_student","18","361","10","18","490","1215","500"
"251","29","500","false","false","53","3","14","lockdown_student","18","361","13","18","487","1215","500"
"249","29","500","false","false","53","3","14","lockdown_student","18","361","7","18","493","1215","500"
"253","29","500","false","false","53","3","14","lockdown_student","18","361","8","18","492","1215","500"
"254","29","500","false","false","53","3","14","lockdown_student","18","361","16","18","484","1215","500"
"252","29","500","false","false","53","3","14","lockdown_student","18","361","13","18","487","1215","500"
"255","29","500","false","false","53","3","14","lockdown_student","18","361","14","18","486","1215","500"
"256","29","500","false","false","53","3","14","lockdown_student","18","361","8","18","492","1215","500"
"258","29","500","false","false","53","3","14","lockdown_student","18","361","10","18","490","1215","500"
"257","29","500","false","false","53","3","14","lockdown_student","18","361","15","18","485","1215","500"
"259","29","500","false","false","53","3","14","lockdown_student","18","361","6","18","494","1215","500"
"260","29","500","false","false","53","3","14","lockdown_student","18","361","11","18","489","1215","500"
"261","29","500","false","false","53","3","14","lockdown_student","18","381","14","19","486","1282.5","500"
"262","29","500","false","false","53","3","14","lockdown_student","18","381","9","19","491","1282.5","500"
"264","29","500","false","false","53","3","14","lockdown_student","18","341","7","17","493","1147.5","500"
"263","29","500","false","false","53","3","14","lockdown_student","18","361","10","18","490","1215","500"
"267","29","500","false","false","53","3","14","lockdown_student","18","361","9","18","491","1215","500"
"265","29","500","false","false","53","3","14","lockdown_student","18","361","11","18","489","1215","500"
"268","29","500","false","false","53","3","14","lockdown_student","18","361","14","18","486","1215","500"
"266","29","500","false","false","53","3","14","lockdown_student","18","361","13","18","487","1215","500"
"269","29","500","false","false","53","3","14","lockdown_student","18","381","15","19","485","1282.5","500"
"270","29","500","false","false","53","3","14","lockdown_student","18","361","13","18","487","1215","500"
"271","29","500","false","false","53","3","14","lockdown_student","18","361","17","18","483","1215","500"
"272","29","500","false","false","53","3","14","lockdown_student","18","361","14","18","486","1215","500"
"273","29","500","false","false","53","3","14","lockdown_student","18","361","12","18","488","1215","500"
"274","29","500","false","false","53","3","14","lockdown_student","18","361","9","18","491","1215","500"
"275","29","500","false","false","53","3","14","lockdown_student","18","361","13","18","487","1215","500"
"277","29","500","false","false","53","3","14","lockdown_student","18","341","14","17","486","1147.5","500"
"279","29","500","false","false","53","3","14","lockdown_student","18","361","13","18","487","1215","500"
"276","29","500","false","false","53","3","14","lockdown_student","18","341","8","17","492","1147.5","500"
"278","29","500","false","false","53","3","14","lockdown_student","18","361","7","18","493","1215","500"
"281","29","500","false","false","53","3","14","lockdown_student","18","361","5","18","495","1215","500"
"280","29","500","false","false","53","3","14","lockdown_student","18","361","11","18","489","1215","500"
"282","29","500","false","false","53","3","14","lockdown_student","18","361","10","18","490","1215","500"
"283","29","500","false","false","53","3","14","lockdown_student","18","361","18","18","482","1215","500"
"284","29","500","false","false","53","3","14","lockdown_student","18","361","10","18","490","1215","500"
"285","29","500","false","false","53","3","14","lockdown_student","18","361","15","18","485","1215","500"
"286","29","500","false","false","53","3","14","lockdown_student","18","381","7","19","493","1282.5","500"
"287","29","500","false","false","53","3","14","lockdown_student","18","361","11","18","489","1215","500"
"288","29","500","false","false","53","3","14","lockdown_student","18","381","11","19","489","1282.5","500"
"289","29","500","false","false","53","3","14","lockdown_student","18","381","13","19","487","1282.5","500"
"291","29","500","false","false","53","3","14","lockdown_student","18","361","12","18","488","1215","500"
"290","29","500","false","false","53","3","14","lockdown_student","18","361","8","18","492","1215","500"
"292","29","500","false","false","53","3","14","lockdown_student","18","361","12","18","488","1215","500"
"293","29","500","false","false","53","3","14","lockdown_student","18","361","8","18","492","1215","500"
"294","29","500","false","false","53","3","14","lockdown_student","18","361","13","18","487","1215","500"
"295","29","500","false","false","53","3","14","lockdown_student","18","361","13","18","487","1147.5","500"
"297","29","500","false","false","53","3","14","lockdown_student","18","361","12","18","488","1215","500"
"298","29","500","false","false","53","3","14","lockdown_student","18","401","18","20","482","1350","500"
"296","29","500","false","false","53","3","14","lockdown_student","18","361","11","18","489","1215","500"
"299","29","500","false","false","53","3","14","lockdown_student","18","361","7","18","493","1215","500"
"300","29","500","false","false","53","3","14","lockdown_student","18","381","13","19","487","1215","500"
"302","29","500","false","false","53","3","14","none","18","361","14","18","486","0","500"
"301","29","500","false","false","53","3","14","none","18","361","4","18","496","0","500"
"304","29","500","false","false","53","3","14","none","18","341","13","17","487","0","500"
"303","29","500","false","false","53","3","14","none","18","361","7","18","493","0","500"
"305","29","500","false","false","53","3","14","none","18","361","11","18","489","0","500"
"306","29","500","false","false","53","3","14","none","18","361","7","18","493","0","500"
"307","29","500","false","false","53","3","14","none","18","361","12","18","488","0","500"
"308","29","500","false","false","53","3","14","none","18","361","15","18","485","0","500"
"309","29","500","false","false","53","3","14","none","18","361","9","18","491","0","500"
"310","29","500","false","false","53","3","14","none","18","361","15","18","485","0","500"
"311","29","500","false","false","53","3","14","none","18","361","16","18","484","0","500"
"313","29","500","false","false","53","3","14","none","18","341","7","17","493","0","500"
"314","29","500","false","false","53","3","14","none","18","341","21","17","479","0","500"
"312","29","500","false","false","53","3","14","none","18","341","7","17","493","0","500"
"315","29","500","false","false","53","3","14","none","18","361","11","18","489","0","500"
"316","29","500","false","false","53","3","14","none","18","341","10","17","490","0","500"
"319","29","500","false","false","53","3","14","none","18","341","10","17","490","0","500"
"317","29","500","false","false","53","3","14","none","18","361","13","18","487","0","500"
"318","29","500","false","false","53","3","14","none","18","361","13","18","487","0","500"
"320","29","500","false","false","53","3","14","none","18","341","10","17","490","0","500"
"321","29","500","false","false","53","3","14","none","18","361","7","18","493","0","500"
"322","29","500","false","false","53","3","14","none","18","361","12","18","488","0","500"
"323","29","500","false","false","53","3","14","none","18","361","11","18","489","0","500"
"324","29","500","false","false","53","3","14","none","18","341","19","17","481","0","500"
"325","29","500","false","false","53","3","14","none","18","361","21","18","479","0","500"
"326","29","500","false","false","53","3","14","none","18","361","16","18","484","0","500"
"327","29","500","false","false","53","3","14","none","18","381","12","19","488","0","500"
"328","29","500","false","false","53","3","14","none","18","361","15","18","485","0","500"
"329","29","500","false","false","53","3","14","none","18","341","13","17","487","0","500"
"331","29","500","false","false","53","3","14","none","18","361","10","18","490","0","500"
"330","29","500","false","false","53","3","14","none","18","361","12","18","488","0","500"
"332","29","500","false","false","53","3","14","none","18","361","10","18","490","0","500"
"333","29","500","false","false","53","3","14","none","18","341","10","17","490","0","500"
"334","29","500","false","false","53","3","14","none","18","341","17","17","483","0","500"
"335","29","500","false","false","53","3","14","none","18","381","8","19","492","0","500"
"336","29","500","false","false","53","3","14","none","18","361","15","18","485","0","500"
"337","29","500","false","false","53","3","14","none","18","361","7","18","493","0","500"
"338","29","500","false","false","53","3","14","none","18","341","9","17","491","0","500"
"339","29","500","false","false","53","3","14","none","18","361","8","18","492","0","500"
"341","29","500","false","false","53","3","14","none","18","341","8","17","492","0","500"
"340","29","500","false","false","53","3","14","none","18","361","10","18","490","0","500"
"344","29","500","false","false","53","3","14","none","18","341","10","17","490","0","500"
"342","29","500","false","false","53","3","14","none","18","361","12","18","488","0","500"
"345","29","500","false","false","53","3","14","none","18","341","10","17","490","0","500"
"343","29","500","false","false","53","3","14","none","18","341","15","17","485","0","500"
"347","29","500","false","false","53","3","14","none","18","361","11","18","489","0","500"
"346","29","500","false","false","53","3","14","none","18","361","15","18","485","0","500"
"348","29","500","false","false","53","3","14","none","18","341","12","17","488","0","500"
"349","29","500","false","false","53","3","14","none","18","361","16","18","484","0","500"
"350","29","500","false","false","53","3","14","none","18","341","12","17","488","0","500"
"351","29","500","false","false","53","3","14","none","18","361","11","18","489","0","500"
"352","29","500","false","false","53","3","14","none","18","361","14","18","486","0","500"
"354","29","500","false","false","53","3","14","none","18","341","15","17","485","0","500"
"356","29","500","false","false","53","3","14","none","18","361","9","18","491","0","500"
"353","29","500","false","false","53","3","14","none","18","361","11","18","489","0","500"
"355","29","500","false","false","53","3","14","none","18","361","13","18","487","0","500"
"357","29","500","false","false","53","3","14","none","18","341","13","17","487","0","500"
"358","29","500","false","false","53","3","14","none","18","361","10","18","490","0","500"
"359","29","500","false","false","53","3","14","none","18","341","11","17","489","0","500"
"360","29","500","false","false","53","3","14","none","18","361","17","18","483","0","500"
"361","29","500","false","false","53","3","14","none","18","361","7","18","493","0","500"
"362","29","500","false","false","53","3","14","none","18","361","19","18","481","0","500"
"363","29","500","false","false","53","3","14","none","18","361","12","18","488","0","500"
"364","29","500","false","false","53","3","14","none","18","361","11","18","489","0","500"
"365","29","500","false","false","53","3","14","none","18","361","13","18","487","0","500"
"366","29","500","false","false","53","3","14","none","18","361","14","18","486","0","500"
"367","29","500","false","false","53","3","14","none","18","361","8","18","492","0","500"
"368","29","500","false","false","53","3","14","none","18","341","13","17","487","0","500"
"370","29","500","false","false","53","3","14","none","18","341","15","17","485","0","500"
"371","29","500","false","false","53","3","14","none","18","341","10","17","490","0","500"
"369","29","500","false","false","53","3","14","none","18","361","16","18","484","0","500"
"372","29","500","false","false","53","3","14","none","18","361","12","18","488","0","500"
"373","29","500","false","false","53","3","14","none","18","361","16","18","484","0","500"
"374","29","500","false","false","53","3","14","none","18","341","9","17","491","0","500"
"375","29","500","false","false","53","3","14","none","18","361","10","18","490","0","500"
"376","29","500","false","false","53","3","14","none","18","341","9","17","491","0","500"
"377","29","500","false","false","53","3","14","none","18","361","10","18","490","0","500"
"378","29","500","false","false","53","3","14","none","18","361","9","18","491","0","500"
"379","29","500","false","false","53","3","14","none","18","341","9","17","491","0","500"
"381","29","500","false","false","53","3","14","none","18","361","9","18","491","0","500"
"380","29","500","false","false","53","3","14","none","18","361","9","18","491","0","500"
"382","29","500","false","false","53","3","14","none","18","361","16","18","484","0","500"
"384","29","500","false","false","53","3","14","none","18","361","17","18","483","0","500"
"383","29","500","false","false","53","3","14","none","18","341","11","17","489","0","500"
"385","29","500","false","false","53","3","14","none","18","361","12","18","488","0","500"
"386","29","500","false","false","53","3","14","none","18","341","15","17","485","0","500"
"387","29","500","false","false","53","3","14","none","18","361","12","18","488","0","500"
"388","29","500","false","false","53","3","14","none","18","361","15","18","485","0","500"
"389","29","500","false","false","53","3","14","none","18","361","11","18","489","0","500"
"390","29","500","false","false","53","3","14","none","18","361","10","18","490","0","500"
"392","29","500","false","false","53","3","14","none","18","361","11","18","489","0","500"
"394","29","500","false","false","53","3","14","none","18","341","12","17","488","0","500"
"391","29","500","false","false","53","3","14","none","18","361","7","18","493","0","500"
"393","29","500","false","false","53","3","14","none","18","361","14","18","486","0","500"
"395","29","500","false","false","53","3","14","none","18","341","17","17","483","0","500"
"397","29","500","false","false","53","3","14","none","18","341","13","17","487","0","500"
"396","29","500","false","false","53","3","14","none","18","361","11","18","489","0","500"
"398","29","500","false","false","53","3","14","none","18","341","8","17","492","0","500"
"399","29","500","false","false","53","3","14","none","18","361","13","18","487","0","500"
"400","29","500","false","false","53","3","14","none","18","361","9","18","491","0","500"
"401","29","500","false","false","53","3","14","lockdown_worker+retired","18","441","11","22","489","7397","500"
"402","29","500","false","false","53","3","14","lockdown_worker+retired","18","441","11","22","489","7403","500"
"403","29","500","false","false","53","3","14","lockdown_worker+retired","18","441","12","22","488","7395","500"
"407","29","500","false","false","53","3","14","lockdown_worker+retired","18","421","13","21","487","7064.5","500"
"404","29","500","false","false","53","3","14","lockdown_worker+retired","18","481","12","24","488","7727","500"
"405","29","500","false","false","53","3","14","lockdown_worker+retired","18","481","13","24","487","8062","500"
"408","29","500","false","false","53","3","14","lockdown_worker+retired","18","481","13","24","487","8059","500"
"406","29","500","false","false","53","3","14","lockdown_worker+retired","18","501","17","25","483","8371","500"
"409","29","500","false","false","53","3","14","lockdown_worker+retired","18","461","11","23","489","7731.5","500"
"411","29","500","false","false","53","3","14","lockdown_worker+retired","18","461","12","23","488","7729","500"
"410","29","500","false","false","53","3","14","lockdown_worker+retired","18","441","17","22","483","7385","500"
"412","29","500","false","false","53","3","14","lockdown_worker+retired","18","441","16","22","484","7388","500"
"413","29","500","false","false","53","3","14","lockdown_worker+retired","18","441","16","22","484","7391.5","500"
"414","29","500","false","false","53","3","14","lockdown_worker+retired","18","441","8","22","492","7405","500"
"415","29","500","false","false","53","3","14","lockdown_worker+retired","18","441","10","22","490","7397.5","500"
"417","29","500","false","false","53","3","14","lockdown_worker+retired","18","421","13","21","487","7058.5","500"
"416","29","500","false","false","53","3","14","lockdown_worker+retired","18","521","18","26","482","8704.5","500"
"419","29","500","false","false","53","3","14","lockdown_worker+retired","18","461","15","23","485","7722","500"
"418","29","500","false","false","53","3","14","lockdown_worker+retired","18","421","17","21","483","7055","500"
"420","29","500","false","false","53","3","14","lockdown_worker+retired","18","501","21","25","479","8350.5","500"
"422","29","500","false","false","53","3","14","lockdown_worker+retired","18","441","13","22","487","7401","500"
"421","29","500","false","false","53","3","14","lockdown_worker+retired","18","581","11","29","489","9392.5","500"
"424","29","500","false","false","53","3","14","lockdown_worker+retired","18","461","17","23","483","7719","500"
"423","29","500","false","false","53","3","14","lockdown_worker+retired","18","481","8","24","492","8079","500"
"425","29","500","false","false","53","3","14","lockdown_worker+retired","18","441","13","22","487","7395","500"
"426","29","500","false","false","53","3","14","lockdown_worker+retired","18","481","13","24","487","8060","500"
"427","29","500","false","false","53","3","14","lockdown_worker+retired","18","441","14","22","486","7396","500"
"428","29","500","false","false","53","3","14","lockdown_worker+retired","18","461","7","23","493","7745.5","500"
"430","29","500","false","false","53","3","14","lockdown_worker+retired","18","461","11","23","489","7737.5","500"
"429","29","500","false","false","53","3","14","lockdown_worker+retired","18","501","15","25","485","8380","500"
"431","29","500","false","false","53","3","14","lockdown_worker+retired","18","461","12","23","488","7730","500"
"432","29","500","false","false","53","3","14","lockdown_worker+retired","18","501","17","25","483","8371","500"
"433","29","500","false","false","53","3","14","lockdown_worker+retired","18","481","9","24","491","8069.5","500"
"434","29","500","false","false","53","3","14","lockdown_worker+retired","18","441","11","22","489","7399.5","500"
"437","29","500","false","false","53","3","14","lockdown_worker+retired","18","441","9","22","491","7412","500"
"435","29","500","false","false","53","3","14","lockdown_worker+retired","18","461","8","23","492","7741.5","500"
"436","29","500","false","false","53","3","14","lockdown_worker+retired","18","501","8","25","492","8415","500"
"438","29","500","false","false","53","3","14","lockdown_worker+retired","18","501","10","25","490","8399.5","500"
"439","29","500","false","false","53","3","14","lockdown_worker+retired","18","461","8","23","492","7740","500"
"440","29","500","false","false","53","3","14","lockdown_worker+retired","18","441","11","22","489","7403","500"
"441","29","500","false","false","53","3","14","lockdown_worker+retired","18","481","9","24","491","8080.5","500"
"442","29","500","false","false","53","3","14","lockdown_worker+retired","18","461","9","23","491","7738.5","500"
"445","29","500","false","false","53","3","14","lockdown_worker+retired","18","441","14","22","486","7384.5","500"
"444","29","500","false","false","53","3","14","lockdown_worker+retired","18","481","12","24","488","8070.5","500"
"443","29","500","false","false","53","3","14","lockdown_worker+retired","18","541","9","27","491","9066","500"
"448","29","500","false","false","53","3","14","lockdown_worker+retired","18","441","8","22","492","7413","500"
"447","29","500","false","false","53","3","14","lockdown_worker+retired","18","501","9","25","491","8410.5","500"
"450","29","500","false","false","53","3","14","lockdown_worker+retired","18","441","8","22","492","7404.5","500"
"446","29","500","false","false","53","3","14","lockdown_worker+retired","18","461","14","23","486","7733","500"
"449","29","500","false","false","53","3","14","lockdown_worker+retired","18","461","9","23","491","7741.5","500"
"451","29","500","false","false","53","3","14","lockdown_worker+retired","18","481","7","24","493","8076","500"
"452","29","500","false","false","53","3","14","lockdown_worker+retired","18","441","8","22","492","7406.5","500"
"453","29","500","false","false","53","3","14","lockdown_worker+retired","18","441","12","22","488","7391","500"
"454","29","500","false","false","53","3","14","lockdown_worker+retired","18","521","11","26","489","8731.5","500"
"455","29","500","false","false","53","3","14","lockdown_worker+retired","18","441","9","22","491","7407","500"
"456","29","500","false","false","53","3","14","lockdown_worker+retired","18","461","13","23","487","7733","500"
"459","29","500","false","false","53","3","14","lockdown_worker+retired","18","441","12","22","488","7396.5","500"
"458","29","500","false","false","53","3","14","lockdown_worker+retired","18","441","15","22","485","7393","500"
"457","29","500","false","false","53","3","14","lockdown_worker+retired","18","481","14","24","486","8050.5","500"
"460","29","500","false","false","53","3","14","lockdown_worker+retired","18","441","11","22","489","7398","500"
"461","29","500","false","false","53","3","14","lockdown_worker+retired","18","501","15","25","485","8384.5","500"
"462","29","500","false","false","53","3","14","lockdown_worker+retired","18","461","15","23","485","7723","500"
"463","29","500","false","false","53","3","14","lockdown_worker+retired","18","481","14","24","486","8054.5","500"
"464","29","500","false","false","53","3","14","lockdown_worker+retired","18","461","15","23","485","7389.5","500"
"465","29","500","false","false","53","3","14","lockdown_worker+retired","18","521","13","26","487","8729.5","500"
"467","29","500","false","false","53","3","14","lockdown_worker+retired","18","421","12","21","488","7067","500"
"466","29","500","false","false","53","3","14","lockdown_worker+retired","18","461","11","23","489","7739","500"
"469","29","500","false","false","53","3","14","lockdown_worker+retired","18","441","11","22","489","7398","500"
"472","29","500","false","false","53","3","14","lockdown_worker+retired","18","461","10","23","490","7738","500"
"470","29","500","false","false","53","3","14","lockdown_worker+retired","18","461","5","23","495","7747.5","500"
"468","29","500","false","false","53","3","14","lockdown_worker+retired","18","481","12","24","488","8061","500"
"471","29","500","false","false","53","3","14","lockdown_worker+retired","18","461","13","23","487","7726","500"
"473","29","500","false","false","53","3","14","lockdown_worker+retired","18","481","19","24","481","8054","500"
"474","29","500","false","false","53","3","14","lockdown_worker+retired","18","421","13","21","487","7071","500"
"476","29","500","false","false","53","3","14","lockdown_worker+retired","18","421","13","21","487","7067","500"
"475","29","500","false","false","53","3","14","lockdown_worker+retired","18","461","12","23","488","7730.5","500"
"477","29","500","false","false","53","3","14","lockdown_worker+retired","18","481","10","24","490","8071.5","500"
"478","29","500","false","false","53","3","14","lockdown_worker+retired","18","461","11","23","489","7734","500"
"479","29","500","false","false","53","3","14","lockdown_worker+retired","18","441","13","22","487","7396.5","500"
"480","29","500","false","false","53","3","14","lockdown_worker+retired","18","441","17","22","483","7382","500"
"481","29","500","false","false","53","3","14","lockdown_worker+retired","18","421","12","21","488","7064","500"
"482","29","500","false","false","53","3","14","lockdown_worker+retired","18","461","12","23","488","7728","500"
"483","29","500","false","false","53","3","14","lockdown_worker+retired","18","421","18","21","482","7055","500"
"484","29","500","false","false","53","3","14","lockdown_worker+retired","18","481","18","24","482","8046","500"
"487","29","500","false","false","53","3","14","lockdown_worker+retired","18","421","12","21","488","7063","500"
"486","29","500","false","false","53","3","14","lockdown_worker+retired","18","461","11","23","489","7732","500"
"485","29","500","false","false","53","3","14","lockdown_worker+retired","18","501","13","25","487","8386","500"
"488","29","500","false","false","53","3","14","lockdown_worker+retired","18","461","17","23","483","7719","500"
"489","29","500","false","false","53","3","14","lockdown_worker+retired","18","481","7","24","493","8076.5","500"
"490","29","500","false","false","53","3","14","lockdown_worker+retired","18","461","20","23","480","7713","500"
"493","29","500","false","false","53","3","14","lockdown_worker+retired","18","481","12","24","488","8059.5","500"
"492","29","500","false","false","53","3","14","lockdown_worker+retired","18","481","15","24","485","8051.5","500"
"491","29","500","false","false","53","3","14","lockdown_worker+retired","18","461","6","23","494","7748","500"
"494","29","500","false","false","53","3","14","lockdown_worker+retired","18","461","14","23","486","7732.5","500"
"495","29","500","false","false","53","3","14","lockdown_worker+retired","18","441","13","22","487","7396","500"
"496","29","500","false","false","53","3","14","lockdown_worker+retired","18","421","19","21","481","7053","500"
"497","29","500","false","false","53","3","14","lockdown_worker+retired","18","461","13","23","487","7731","500"
"501","29","500","false","false","53","3","14","lockdown_retired+student","18","361","8","18","492","2514","500"
"498","29","500","false","false","53","3","14","lockdown_worker+retired","18","461","6","23","494","7748","500"
"499","29","500","false","false","53","3","14","lockdown_worker+retired","18","461","15","23","485","7724.5","500"
"500","29","500","false","false","53","3","14","lockdown_worker+retired","18","461","10","23","490","7740.5","500"
"502","29","500","false","false","53","3","14","lockdown_retired+student","18","381","13","19","487","2640","500"
"503","29","500","false","false","53","3","14","lockdown_retired+student","18","381","18","19","482","2635","500"
"504","29","500","false","false","53","3","14","lockdown_retired+student","18","381","8","19","492","2648","500"
"505","29","500","false","false","53","3","14","lockdown_retired+student","18","361","16","18","484","2508","500"
"506","29","500","false","false","53","3","14","lockdown_retired+student","18","361","13","18","487","2506.5","500"
"507","29","500","false","false","53","3","14","lockdown_retired+student","18","381","13","19","487","2648.5","500"
"509","29","500","false","false","53","3","14","lockdown_retired+student","18","401","16","20","484","2774","500"
"510","29","500","false","false","53","3","14","lockdown_retired+student","18","381","10","19","490","2648.5","500"
"508","29","500","false","false","53","3","14","lockdown_retired+student","18","381","13","19","487","2501","500"
"513","29","500","false","false","53","3","14","lockdown_retired+student","18","401","12","20","488","2775","500"
"511","29","500","false","false","53","3","14","lockdown_retired+student","18","361","13","18","487","2503.5","500"
"512","29","500","false","false","53","3","14","lockdown_retired+student","18","361","10","18","490","2510.5","500"
"515","29","500","false","false","53","3","14","lockdown_retired+student","18","361","14","18","486","2503.5","500"
"514","29","500","false","false","53","3","14","lockdown_retired+student","18","401","15","20","485","2639","500"
"516","29","500","false","false","53","3","14","lockdown_retired+student","18","381","10","19","490","2647","500"
"517","29","500","false","false","53","3","14","lockdown_retired+student","18","361","12","18","488","2509.5","500"
"518","29","500","false","false","53","3","14","lockdown_retired+student","18","361","9","18","491","2512","500"
"519","29","500","false","false","53","3","14","lockdown_retired+student","18","361","9","18","491","2508.5","500"
"521","29","500","false","false","53","3","14","lockdown_retired+student","18","381","11","19","489","2643.5","500"
"520","29","500","false","false","53","3","14","lockdown_retired+student","18","381","16","19","484","2639","500"
"523","29","500","false","false","53","3","14","lockdown_retired+student","18","381","13","19","487","2641.5","500"
"522","29","500","false","false","53","3","14","lockdown_retired+student","18","381","11","19","489","2647.5","500"
"524","29","500","false","false","53","3","14","lockdown_retired+student","18","381","12","19","488","2644.5","500"
"525","29","500","false","false","53","3","14","lockdown_retired+student","18","361","7","18","493","2514.5","500"
"526","29","500","false","false","53","3","14","lockdown_retired+student","18","381","15","19","485","2642","500"
"527","29","500","false","false","53","3","14","lockdown_retired+student","18","361","12","18","488","2509.5","500"
"528","29","500","false","false","53","3","14","lockdown_retired+student","18","381","13","19","487","2640.5","500"
"529","29","500","false","false","53","3","14","lockdown_retired+student","18","381","16","19","484","2640.5","500"
"530","29","500","false","false","53","3","14","lockdown_retired+student","18","401","17","20","483","2770.5","500"
"531","29","500","false","false","53","3","14","lockdown_retired+student","18","381","10","19","490","2645","500"
"532","29","500","false","false","53","3","14","lockdown_retired+student","18","381","14","19","486","2640","500"
"533","29","500","false","false","53","3","14","lockdown_retired+student","18","361","9","18","491","2513","500"
"534","29","500","false","false","53","3","14","lockdown_retired+student","18","381","10","19","490","2644","500"
"535","29","500","false","false","53","3","14","lockdown_retired+student","18","381","10","19","490","2648","500"
"538","29","500","false","false","53","3","14","lockdown_retired+student","18","381","17","19","483","2638.5","500"
"539","29","500","false","false","53","3","14","lockdown_retired+student","18","361","13","18","487","2507","500"
"537","29","500","false","false","53","3","14","lockdown_retired+student","18","381","7","19","493","2653","500"
"536","29","500","false","false","53","3","14","lockdown_retired+student","18","381","16","19","484","2635","500"
"540","29","500","false","false","53","3","14","lockdown_retired+student","18","361","9","18","491","2511.5","500"
"541","29","500","false","false","53","3","14","lockdown_retired+student","18","361","9","18","491","2512","500"
"542","29","500","false","false","53","3","14","lockdown_retired+student","18","381","10","19","490","2646","500"
"543","29","500","false","false","53","3","14","lockdown_retired+student","18","381","12","19","488","2642","500"
"544","29","500","false","false","53","3","14","lockdown_retired+student","18","361","13","18","487","2509","500"
"545","29","500","false","false","53","3","14","lockdown_retired+student","18","381","10","19","490","2648","500"
"546","29","500","false","false","53","3","14","lockdown_retired+student","18","361","10","18","490","2510","500"
"548","29","500","false","false","53","3","14","lockdown_retired+student","18","361","16","18","484","2505","500"
"547","29","500","false","false","53","3","14","lockdown_retired+student","18","381","6","19","494","2651","500"
"552","29","500","false","false","53","3","14","lockdown_retired+student","18","361","11","18","489","2510.5","500"
"549","29","500","false","false","53","3","14","lockdown_retired+student","18","381","9","19","491","2513","500"
"550","29","500","false","false","53","3","14","lockdown_retired+student","18","381","12","19","488","2643.5","500"
"551","29","500","false","false","53","3","14","lockdown_retired+student","18","381","11","19","489","2645.5","500"
"553","29","500","false","false","53","3","14","lockdown_retired+student","18","381","9","19","491","2647.5","500"
"554","29","500","false","false","53","3","14","lockdown_retired+student","18","401","11","20","489","2780.5","500"
"556","29","500","false","false","53","3","14","lockdown_retired+student","18","361","16","18","484","2509","500"
"555","29","500","false","false","53","3","14","lockdown_retired+student","18","361","13","18","487","2508","500"
"557","29","500","false","false","53","3","14","lockdown_retired+student","18","381","13","19","487","2640.5","500"
"558","29","500","false","false","53","3","14","lockdown_retired+student","18","361","10","18","490","2510","500"
"559","29","500","false","false","53","3","14","lockdown_retired+student","18","361","13","18","487","2506.5","500"
"561","29","500","false","false","53","3","14","lockdown_retired+student","18","361","18","18","482","2505","500"
"562","29","500","false","false","53","3","14","lockdown_retired+student","18","361","10","18","490","2509.5","500"
"560","29","500","false","false","53","3","14","lockdown_retired+student","18","361","15","18","485","2507.5","500"
"565","29","500","false","false","53","3","14","lockdown_retired+student","18","361","8","18","492","2513","500"
"564","29","500","false","false","53","3","14","lockdown_retired+student","18","361","12","18","488","2507.5","500"
"563","29","500","false","false","53","3","14","lockdown_retired+student","18","401","7","20","493","2785.5","500"
"566","29","500","false","false","53","3","14","lockdown_retired+student","18","361","15","18","485","2501.5","500"
"567","29","500","false","false","53","3","14","lockdown_retired+student","18","381","10","19","490","2646.5","500"
"568","29","500","false","false","53","3","14","lockdown_retired+student","18","361","15","18","485","2508.5","500"
"569","29","500","false","false","53","3","14","lockdown_retired+student","18","361","15","18","485","2503","500"
"570","29","500","false","false","53","3","14","lockdown_retired+student","18","361","9","18","491","2513","500"
"571","29","500","false","false","53","3","14","lockdown_retired+student","18","361","13","18","487","2505.5","500"
"572","29","500","false","false","53","3","14","lockdown_retired+student","18","361","7","18","493","2515","500"
"573","29","500","false","false","53","3","14","lockdown_retired+student","18","381","12","19","488","2646.5","500"
"575","29","500","false","false","53","3","14","lockdown_retired+student","18","361","9","18","491","2512.5","500"
"574","29","500","false","false","53","3","14","lockdown_retired+student","18","401","16","20","484","2774","500"
"578","29","500","false","false","53","3","14","lockdown_retired+student","18","361","10","18","490","2511","500"
"577","29","500","false","false","53","3","14","lockdown_retired+student","18","361","11","18","489","2508.5","500"
"576","29","500","false","false","53","3","14","lockdown_retired+student","18","381","12","19","488","2643","500"
"579","29","500","false","false","53","3","14","lockdown_retired+student","18","361","7","18","493","2513.5","500"
"582","29","500","false","false","53","3","14","lockdown_retired+student","18","381","12","19","488","2647.5","500"
"581","29","500","false","false","53","3","14","lockdown_retired+student","18","361","13","18","487","2507.5","500"
"580","29","500","false","false","53","3","14","lockdown_retired+student","18","381","12","19","488","2644.5","500"
"583","29","500","false","false","53","3","14","lockdown_retired+student","18","361","14","18","486","2505","500"
"584","29","500","false","false","53","3","14","lockdown_retired+student","18","381","11","19","489","2647","500"
"585","29","500","false","false","53","3","14","lockdown_retired+student","18","381","13","19","487","2641","500"
"586","29","500","false","false","53","3","14","lockdown_retired+student","18","381","15","19","485","2638.5","500"
"588","29","500","false","false","53","3","14","lockdown_retired+student","18","381","12","19","488","2643","500"
"587","29","500","false","false","53","3","14","lockdown_retired+student","18","401","16","20","484","2773","500"
"589","29","500","false","false","53","3","14","lockdown_retired+student","18","381","13","19","487","2643.5","500"
"590","29","500","false","false","53","3","14","lockdown_retired+student","18","361","12","18","488","2510.5","500"
"591","29","500","false","false","53","3","14","lockdown_retired+student","18","381","8","19","492","2647.5","500"
"592","29","500","false","false","53","3","14","lockdown_retired+student","18","381","16","19","484","2641","500"
"593","29","500","false","false","53","3","14","lockdown_retired+student","18","381","12","19","488","2640.5","500"
"595","29","500","false","false","53","3","14","lockdown_retired+student","18","361","10","18","490","2508","500"
"594","29","500","false","false","53","3","14","lockdown_retired+student","18","361","11","18","489","2509","500"
"596","29","500","false","false","53","3","14","lockdown_retired+student","18","401","15","20","485","2772.5","500"
"598","29","500","false","false","53","3","14","lockdown_retired+student","18","361","13","18","487","2509.5","500"
"597","29","500","false","false","53","3","14","lockdown_retired+student","18","381","8","19","492","2648.5","500"
"599","29","500","false","false","53","3","14","lockdown_retired+student","18","361","13","18","487","2507.5","500"
"600","29","500","false","false","53","3","14","lockdown_retired+student","18","381","9","19","491","2647.5","500"
"601","29","500","false","false","53","3","14","lockdown_student+worker","18","461","10","23","490","7647.5","500"
"602","29","500","false","false","53","3","14","lockdown_student+worker","18","501","10","25","490","8312.5","500"
"603","29","500","false","false","53","3","14","lockdown_student+worker","18","501","11","25","489","8312.5","500"
"604","29","500","false","false","53","3","14","lockdown_student+worker","18","481","12","24","488","7980","500"
"606","29","500","false","false","53","3","14","lockdown_student+worker","18","461","9","23","491","7647.5","500"
"605","29","500","false","false","53","3","14","lockdown_student+worker","18","501","5","25","495","8312.5","500"
"607","29","500","false","false","53","3","14","lockdown_student+worker","18","501","10","25","490","8312.5","500"
"608","29","500","false","false","53","3","14","lockdown_student+worker","18","481","10","24","490","7980","500"
"609","29","500","false","false","53","3","14","lockdown_student+worker","18","461","7","23","493","7647.5","500"
"610","29","500","false","false","53","3","14","lockdown_student+worker","18","481","12","24","488","7980","500"
"611","29","500","false","false","53","3","14","lockdown_student+worker","18","461","13","23","487","7647.5","500"
"612","29","500","false","false","53","3","14","lockdown_student+worker","18","501","15","25","485","8312.5","500"
"613","29","500","false","false","53","3","14","lockdown_student+worker","18","501","11","25","489","8312.5","500"
"615","29","500","false","false","53","3","14","lockdown_student+worker","18","501","9","25","491","8312.5","500"
"616","29","500","false","false","53","3","14","lockdown_student+worker","18","461","13","23","487","7647.5","500"
"614","29","500","false","false","53","3","14","lockdown_student+worker","18","501","12","25","488","8312.5","500"
"617","29","500","false","false","53","3","14","lockdown_student+worker","18","481","16","24","484","7980","500"
"618","29","500","false","false","53","3","14","lockdown_student+worker","18","501","7","25","493","8312.5","500"
"620","29","500","false","false","53","3","14","lockdown_student+worker","18","441","13","22","487","7315","500"
"619","29","500","false","false","53","3","14","lockdown_student+worker","18","481","9","24","491","7980","500"
"621","29","500","false","false","53","3","14","lockdown_student+worker","18","481","15","24","485","7980","500"
"623","29","500","false","false","53","3","14","lockdown_student+worker","18","501","7","25","493","8312.5","500"
"622","29","500","false","false","53","3","14","lockdown_student+worker","18","521","13","26","487","8645","500"
"624","29","500","false","false","53","3","14","lockdown_student+worker","18","441","8","22","492","7315","500"
"626","29","500","false","false","53","3","14","lockdown_student+worker","18","461","10","23","490","7647.5","500"
"629","29","500","false","false","53","3","14","lockdown_student+worker","18","481","10","24","490","7980","500"
"627","29","500","false","false","53","3","14","lockdown_student+worker","18","481","15","24","485","7980","500"
"625","29","500","false","false","53","3","14","lockdown_student+worker","18","501","8","25","492","8312.5","500"
"630","29","500","false","false","53","3","14","lockdown_student+worker","18","461","11","23","489","7647.5","500"
"628","29","500","false","false","53","3","14","lockdown_student+worker","18","541","10","27","490","8977.5","500"
"631","29","500","false","false","53","3","14","lockdown_student+worker","18","481","15","24","485","7980","500"
"632","29","500","false","false","53","3","14","lockdown_student+worker","18","501","12","25","488","8312.5","500"
"633","29","500","false","false","53","3","14","lockdown_student+worker","18","481","16","24","484","7980","500"
"634","29","500","false","false","53","3","14","lockdown_student+worker","18","481","10","24","490","7980","500"
"635","29","500","false","false","53","3","14","lockdown_student+worker","18","521","11","26","489","8645","500"
"637","29","500","false","false","53","3","14","lockdown_student+worker","18","501","9","25","491","8312.5","500"
"638","29","500","false","false","53","3","14","lockdown_student+worker","18","501","14","25","486","8312.5","500"
"636","29","500","false","false","53","3","14","lockdown_student+worker","18","481","12","24","488","7980","500"
"639","29","500","false","false","53","3","14","lockdown_student+worker","18","501","7","25","493","8312.5","500"
"640","29","500","false","false","53","3","14","lockdown_student+worker","18","481","9","24","491","7980","500"
"643","29","500","false","false","53","3","14","lockdown_student+worker","18","481","15","24","485","7980","500"
"641","29","500","false","false","53","3","14","lockdown_student+worker","18","501","13","25","487","8312.5","500"
"642","29","500","false","false","53","3","14","lockdown_student+worker","18","501","9","25","491","7980","500"
"644","29","500","false","false","53","3","14","lockdown_student+worker","18","461","12","23","488","7647.5","500"
"645","29","500","false","false","53","3","14","lockdown_student+worker","18","481","11","24","489","7980","500"
"646","29","500","false","false","53","3","14","lockdown_student+worker","18","501","10","25","490","8312.5","500"
"647","29","500","false","false","53","3","14","lockdown_student+worker","18","481","18","24","482","7980","500"
"648","29","500","false","false","53","3","14","lockdown_student+worker","18","501","13","25","487","8312.5","500"
"651","29","500","false","false","53","3","14","lockdown_student+worker","18","461","12","23","488","7647.5","500"
"649","29","500","false","false","53","3","14","lockdown_student+worker","18","601","8","30","492","9975","500"
"650","29","500","false","false","53","3","14","lockdown_student+worker","18","481","7","24","493","7980","500"
"653","29","500","false","false","53","3","14","lockdown_student+worker","18","461","12","23","488","7647.5","500"
"654","29","500","false","false","53","3","14","lockdown_student+worker","18","501","20","25","480","8312.5","500"
"652","29","500","false","false","53","3","14","lockdown_student+worker","18","501","13","25","487","8312.5","500"
"655","29","500","false","false","53","3","14","lockdown_student+worker","18","461","12","23","488","7647.5","500"
"658","29","500","false","false","53","3","14","lockdown_student+worker","18","481","10","24","490","7980","500"
"657","29","500","false","false","53","3","14","lockdown_student+worker","18","461","13","23","487","7647.5","500"
"659","29","500","false","false","53","3","14","lockdown_student+worker","18","441","10","22","490","7315","500"
"656","29","500","false","false","53","3","14","lockdown_student+worker","18","501","11","25","489","8312.5","500"
"660","29","500","false","false","53","3","14","lockdown_student+worker","18","481","9","24","491","7980","500"
"662","29","500","false","false","53","3","14","lockdown_student+worker","18","481","15","24","485","7980","500"
"661","29","500","false","false","53","3","14","lockdown_student+worker","18","521","14","26","486","8645","500"
"665","29","500","false","false","53","3","14","lockdown_student+worker","18","461","10","23","490","7647.5","500"
"664","29","500","false","false","53","3","14","lockdown_student+worker","18","541","12","27","488","8977.5","500"
"663","29","500","false","false","53","3","14","lockdown_student+worker","18","501","14","25","486","8312.5","500"
"666","29","500","false","false","53","3","14","lockdown_student+worker","18","481","12","24","488","7980","500"
"667","29","500","false","false","53","3","14","lockdown_student+worker","18","481","12","24","488","7980","500"
"668","29","500","false","false","53","3","14","lockdown_student+worker","18","501","14","25","486","8312.5","500"
"670","29","500","false","false","53","3","14","lockdown_student+worker","18","481","8","24","492","7980","500"
"669","29","500","false","false","53","3","14","lockdown_student+worker","18","521","16","26","484","8645","500"
"671","29","500","false","false","53","3","14","lockdown_student+worker","18","561","14","28","486","9310","500"
"672","29","500","false","false","53","3","14","lockdown_student+worker","18","501","10","25","490","8312.5","500"
"673","29","500","false","false","53","3","14","lockdown_student+worker","18","441","15","22","485","7315","500"
"675","29","500","false","false","53","3","14","lockdown_student+worker","18","461","12","23","488","7647.5","500"
"676","29","500","false","false","53","3","14","lockdown_student+worker","18","461","11","23","489","7647.5","500"
"674","29","500","false","false","53","3","14","lockdown_student+worker","18","501","16","25","484","8312.5","500"
"677","29","500","false","false","53","3","14","lockdown_student+worker","18","461","16","23","484","7647.5","500"
"678","29","500","false","false","53","3","14","lockdown_student+worker","18","501","15","25","485","8312.5","500"
"681","29","500","false","false","53","3","14","lockdown_student+worker","18","441","11","22","489","7315","500"
"679","29","500","false","false","53","3","14","lockdown_student+worker","18","461","14","23","486","7647.5","500"
"680","29","500","false","false","53","3","14","lockdown_student+worker","18","481","9","24","491","7980","500"
"683","29","500","false","false","53","3","14","lockdown_student+worker","18","461","15","23","485","7647.5","500"
"682","29","500","false","false","53","3","14","lockdown_student+worker","18","521","6","26","494","8645","500"
"685","29","500","false","false","53","3","14","lockdown_student+worker","18","441","18","22","482","7315","500"
"684","29","500","false","false","53","3","14","lockdown_student+worker","18","501","8","25","492","8312.5","500"
"686","29","500","false","false","53","3","14","lockdown_student+worker","18","541","12","27","488","8977.5","500"
"688","29","500","false","false","53","3","14","lockdown_student+worker","18","461","13","23","487","7647.5","500"
"687","29","500","false","false","53","3","14","lockdown_student+worker","18","541","11","27","489","8977.5","500"
"689","29","500","false","false","53","3","14","lockdown_student+worker","18","501","9","25","491","7980","500"
"691","29","500","false","false","53","3","14","lockdown_student+worker","18","461","10","23","490","7647.5","500"
"690","29","500","false","false","53","3","14","lockdown_student+worker","18","481","16","24","484","7980","500"
"693","29","500","false","false","53","3","14","lockdown_student+worker","18","521","11","26","489","8645","500"
"692","29","500","false","false","53","3","14","lockdown_student+worker","18","501","14","25","486","8312.5","500"
"695","29","500","false","false","53","3","14","lockdown_student+worker","18","461","8","23","492","7647.5","500"
"694","29","500","false","false","53","3","14","lockdown_student+worker","18","481","11","24","489","7980","500"
"697","29","500","false","false","53","3","14","lockdown_student+worker","18","461","9","23","491","7647.5","500"
"696","29","500","false","false","53","3","14","lockdown_student+worker","18","481","13","24","487","7980","500"
"698","29","500","false","false","53","3","14","lockdown_student+worker","18","461","10","23","490","7647.5","500"
"700","29","500","false","false","53","3","14","lockdown_student+worker","18","461","10","23","490","7647.5","500"
"699","29","500","false","false","53","3","14","lockdown_student+worker","18","521","15","26","485","8645","500"
"702","29","500","false","false","53","3","14","essential_activities","18","441","12","22","488","5987","500"
"701","29","500","false","false","53","3","14","essential_activities","18","421","13","21","487","5703","500"
"704","29","500","false","false","53","3","14","essential_activities","18","441","11","22","489","5973.5","500"
"703","29","500","false","false","53","3","14","essential_activities","18","421","7","21","493","5718.5","500"
"705","29","500","false","false","53","3","14","essential_activities","18","421","7","21","493","5723","500"
"706","29","500","false","false","53","3","14","essential_activities","18","441","14","22","486","5978","500"
"709","29","500","false","false","53","3","14","essential_activities","18","381","10","19","490","5172.5","500"
"707","29","500","false","false","53","3","14","essential_activities","18","421","16","21","484","5703.5","500"
"708","29","500","false","false","53","3","14","essential_activities","18","401","9","20","491","5446","500"
"710","29","500","false","false","53","3","14","essential_activities","18","421","13","21","487","5709","500"
"711","29","500","false","false","53","3","14","essential_activities","18","381","7","19","493","5179","500"
"712","29","500","false","false","53","3","14","essential_activities","18","441","10","22","490","5983","500"
"713","29","500","false","false","53","3","14","essential_activities","18","481","10","24","490","6516","500"
"715","29","500","false","false","53","3","14","essential_activities","18","421","9","21","491","5717","500"
"714","29","500","false","false","53","3","14","essential_activities","18","441","15","22","485","5969","500"
"716","29","500","false","false","53","3","14","essential_activities","18","461","14","23","486","6240.5","500"
"717","29","500","false","false","53","3","14","essential_activities","18","401","12","20","488","5444","500"
"719","29","500","false","false","53","3","14","essential_activities","18","421","15","21","485","5703","500"
"721","29","500","false","false","53","3","14","essential_activities","18","401","12","20","488","5440.5","500"
"718","29","500","false","false","53","3","14","essential_activities","18","421","12","21","488","5710.5","500"
"720","29","500","false","false","53","3","14","essential_activities","18","401","11","20","489","5441.5","500"
"722","29","500","false","false","53","3","14","essential_activities","18","441","12","22","488","5982","500"
"723","29","500","false","false","53","3","14","essential_activities","18","421","12","21","488","5712","500"
"724","29","500","false","false","53","3","14","essential_activities","18","441","19","22","481","5959.5","500"
"726","29","500","false","false","53","3","14","essential_activities","18","421","17","21","483","5695","500"
"725","29","500","false","false","53","3","14","essential_activities","18","421","11","21","489","5710.5","500"
"727","29","500","false","false","53","3","14","essential_activities","18","441","9","22","491","5986.5","500"
"730","29","500","false","false","53","3","14","essential_activities","18","421","10","21","490","5712.5","500"
"731","29","500","false","false","53","3","14","essential_activities","18","401","16","20","484","5431","500"
"729","29","500","false","false","53","3","14","essential_activities","18","401","7","20","493","5449","500"
"728","29","500","false","false","53","3","14","essential_activities","18","441","16","22","484","5965","500"
"732","29","500","false","false","53","3","14","essential_activities","18","401","7","20","493","5449","500"
"733","29","500","false","false","53","3","14","essential_activities","18","401","10","20","490","5442","500"
"735","29","500","false","false","53","3","14","essential_activities","18","401","10","20","490","5442.5","500"
"734","29","500","false","false","53","3","14","essential_activities","18","421","11","21","489","5710","500"
"737","29","500","false","false","53","3","14","essential_activities","18","401","16","20","484","5433","500"
"736","29","500","false","false","53","3","14","essential_activities","18","441","12","22","488","5980.5","500"
"738","29","500","false","false","53","3","14","essential_activities","18","441","15","22","485","5969","500"
"740","29","500","false","false","53","3","14","essential_activities","18","401","14","20","486","5439.5","500"
"741","29","500","false","false","53","3","14","essential_activities","18","441","9","22","491","5987.5","500"
"739","29","500","false","false","53","3","14","essential_activities","18","461","7","23","493","6257.5","500"
"744","29","500","false","false","53","3","14","essential_activities","18","421","13","21","487","5706","500"
"743","29","500","false","false","53","3","14","essential_activities","18","441","17","22","483","5960.5","500"
"742","29","500","false","false","53","3","14","essential_activities","18","501","6","25","494","6804.5","500"
"745","29","500","false","false","53","3","14","essential_activities","18","421","9","21","491","5713","500"
"746","29","500","false","false","53","3","14","essential_activities","18","421","8","21","492","5718.5","500"
"747","29","500","false","false","53","3","14","essential_activities","18","421","9","21","491","5716","500"
"748","29","500","false","false","53","3","14","essential_activities","18","441","11","22","489","5981.5","500"
"749","29","500","false","false","53","3","14","essential_activities","18","381","10","19","490","4903.5","500"
"750","29","500","false","false","53","3","14","essential_activities","18","401","14","20","486","5435","500"
"751","29","500","false","false","53","3","14","essential_activities","18","401","14","20","486","5439.5","500"
"752","29","500","false","false","53","3","14","essential_activities","18","401","14","20","486","5436.5","500"
"754","29","500","false","false","53","3","14","essential_activities","18","421","11","21","489","5709","500"
"753","29","500","false","false","53","3","14","essential_activities","18","441","19","22","481","5955.5","500"
"755","29","500","false","false","53","3","14","essential_activities","18","441","16","22","484","5968.5","500"
"758","29","500","false","false","53","3","14","essential_activities","18","401","6","20","494","5448","500"
"756","29","500","false","false","53","3","14","essential_activities","18","421","15","21","485","5707.5","500"
"757","29","500","false","false","53","3","14","essential_activities","18","441","6","22","494","5994","500"
"759","29","500","false","false","53","3","14","essential_activities","18","401","4","20","496","5452","500"
"760","29","500","false","false","53","3","14","essential_activities","18","441","8","22","492","5715.5","500"
"761","29","500","false","false","53","3","14","essential_activities","18","401","11","20","489","5441.5","500"
"762","29","500","false","false","53","3","14","essential_activities","18","441","12","22","488","5980.5","500"
"763","29","500","false","false","53","3","14","essential_activities","18","421","18","21","482","5694","500"
"764","29","500","false","false","53","3","14","essential_activities","18","401","12","20","488","5438.5","500"
"765","29","500","false","false","53","3","14","essential_activities","18","461","6","23","494","5996.5","500"
"766","29","500","false","false","53","3","14","essential_activities","18","421","9","21","491","5713","500"
"768","29","500","false","false","53","3","14","essential_activities","18","421","13","21","487","5707","500"
"770","29","500","false","false","53","3","14","essential_activities","18","421","13","21","487","5708","500"
"769","29","500","false","false","53","3","14","essential_activities","18","401","19","20","481","5435.5","500"
"767","29","500","false","false","53","3","14","essential_activities","18","461","9","23","491","6256","500"
"771","29","500","false","false","53","3","14","essential_activities","18","441","12","22","488","5707.5","500"
"772","29","500","false","false","53","3","14","essential_activities","18","381","14","19","486","5171","500"
"773","29","500","false","false","53","3","14","essential_activities","18","421","15","21","485","5699.5","500"
"775","29","500","false","false","53","3","14","essential_activities","18","401","8","20","492","5444.5","500"
"774","29","500","false","false","53","3","14","essential_activities","18","461","14","23","486","6239","500"
"776","29","500","false","false","53","3","14","essential_activities","18","441","14","22","486","5969","500"
"777","29","500","false","false","53","3","14","essential_activities","18","401","14","20","486","5439","500"
"779","29","500","false","false","53","3","14","essential_activities","18","401","14","20","486","5436","500"
"778","29","500","false","false","53","3","14","essential_activities","18","421","8","21","492","5717.5","500"
"783","29","500","false","false","53","3","14","essential_activities","18","401","22","20","478","5429","500"
"780","29","500","false","false","53","3","14","essential_activities","18","401","12","20","488","5439","500"
"782","29","500","false","false","53","3","14","essential_activities","18","401","6","20","494","5453","500"
"781","29","500","false","false","53","3","14","essential_activities","18","401","10","20","490","5444.5","500"
"784","29","500","false","false","53","3","14","essential_activities","18","421","14","21","486","5708","500"
"786","29","500","false","false","53","3","14","essential_activities","18","421","7","21","493","5718","500"
"785","29","500","false","false","53","3","14","essential_activities","18","421","10","21","490","5716.5","500"
"787","29","500","false","false","53","3","14","essential_activities","18","421","7","21","493","5719.5","500"
"788","29","500","false","false","53","3","14","essential_activities","18","441","14","22","486","5968.5","500"
"789","29","500","false","false","53","3","14","essential_activities","18","421","12","21","488","5710","500"
"790","29","500","false","false","53","3","14","essential_activities","18","421","10","21","490","5715.5","500"
"791","29","500","false","false","53","3","14","essential_activities","18","421","16","21","484","5706","500"
"792","29","500","false","false","53","3","14","essential_activities","18","421","10","21","490","5714","500"
"793","29","500","false","false","53","3","14","essential_activities","18","421","12","21","488","5705.5","500"
"794","29","500","false","false","53","3","14","essential_activities","18","401","15","20","485","5432","500"
"795","29","500","false","false","53","3","14","essential_activities","18","421","17","21","483","5693.5","500"
"796","29","500","false","false","53","3","14","essential_activities","18","421","11","21","489","5710.5","500"
"797","29","500","false","false","53","3","14","essential_activities","18","441","12","22","488","5973.5","500"
"799","29","500","false","false","53","3","14","essential_activities","18","441","9","22","491","5982.5","500"
"798","29","500","false","false","53","3","14","essential_activities","18","441","14","22","486","5972","500"
"800","29","500","false","false","53","3","14","essential_activities","18","421","15","21","485","5701","500"
"810","29","500","false","false","53","3","14","all","18","1181","1","59","112","23872.5","113"
"805","29","500","false","false","53","3","14","all","18","1981","2","99","69","40073.5","71"
"812","29","500","false","false","53","3","14","all","18","2001","1","100","78","40485.5","79"
"802","29","500","false","false","53","3","14","all","18","2901","7","145","210","58480.5","217"
"814","29","500","false","false","53","3","14","all","18","601","0","30","11","12150","11"
"803","29","500","false","false","53","3","14","all","18","2501","7","125","257","50347","264"
"806","29","500","false","false","53","3","14","all","18","2881","7","144","159","58058","166"
"808","29","500","false","false","53","3","14","all","18","3441","5","172","290","69343.5","295"
"809","29","500","false","false","53","3","14","all","18","4301","9","215","299","86533.5","308"
"811","29","500","false","false","53","3","14","all","18","3781","5","189","184","76213.5","189"
"801","29","500","false","false","53","3","14","all","18","4581","9","229","229","92159.5","238"
"807","29","500","false","false","53","3","14","all","18","4341","4","217","158","87697","162"
"813","29","500","false","false","53","3","14","all","18","3701","2","185","200","74812","202"
"816","29","500","false","false","53","3","14","all","18","2981","2","149","120","60244","122"
"804","29","500","false","false","53","3","14","all","18","5461","10","273","319","109786","329"
"815","29","500","false","false","53","3","14","all","18","4001","5","200","338","80312.5","343"
"818","29","500","false","false","53","3","14","all","18","4001","7","200","161","80708.5","168"
"820","29","500","false","false","53","3","14","all","18","2841","6","142","330","57288.5","336"
"823","29","500","false","false","53","3","14","all","18","2081","4","104","153","41986.5","157"
"817","29","500","false","false","53","3","14","all","18","4941","12","247","310","99221.5","322"
"819","29","500","false","false","53","3","14","all","18","3861","8","193","263","77771","271"
"824","29","500","false","false","53","3","14","all","18","3621","11","181","232","72832.5","243"
"821","29","500","false","false","53","3","14","all","18","4461","4","223","194","90037.5","198"
"822","29","500","false","false","53","3","14","all","18","4361","4","218","306","88014","310"
"829","29","500","false","false","53","3","14","all","18","2901","3","145","123","58582.5","126"
"825","29","500","false","false","53","3","14","all","18","4061","1","203","137","82196.5","138"
"827","29","500","false","false","53","3","14","all","18","3801","6","190","310","76621","316"
"826","29","500","false","false","53","3","14","all","18","4161","7","208","342","84010.5","349"
"831","29","500","false","false","53","3","14","all","18","3461","11","173","291","69615","302"
"828","29","500","false","false","53","3","14","all","18","4241","8","212","325","85492","333"
"838","29","500","false","false","53","3","14","all","18","1561","1","78","58","31559","59"
"830","29","500","false","false","53","3","14","all","18","5441","6","272","341","109600","347"
"833","29","500","false","false","53","3","14","all","18","3881","2","194","233","78421.5","235"
"832","29","500","false","false","53","3","14","all","18","4681","5","234","361","94399.5","366"
"836","29","500","false","false","53","3","14","all","18","3561","10","178","391","71659.5","401"
"834","29","500","false","false","53","3","14","all","18","4061","6","203","254","81801.5","260"
"837","29","500","false","false","53","3","14","all","18","3461","10","173","280","69648.5","290"
"840","29","500","false","false","53","3","14","all","18","3041","2","152","126","61478.5","128"
"839","29","500","false","false","53","3","14","all","18","3181","3","159","200","64250.5","203"
"835","29","500","false","false","53","3","14","all","18","4521","7","226","285","91026.5","292"
"847","29","500","false","false","53","3","14","all","18","2001","1","100","100","40473.5","101"
"841","29","500","false","false","53","3","14","all","18","4101","1","205","176","82985","177"
"843","29","500","false","false","53","3","14","all","18","3461","8","173","269","69682.5","277"
"846","29","500","false","false","53","3","14","all","18","2421","3","121","133","48912","136"
"845","29","500","false","false","53","3","14","all","18","2821","3","141","210","56978","213"
"842","29","500","false","false","53","3","14","all","18","4921","10","246","291","98759","301"
"856","29","500","false","false","53","3","14","all","18","701","1","35","13","14171.5","14"
"844","29","500","false","false","53","3","14","all","18","5141","5","257","308","103735.5","313"
"854","29","500","false","false","53","3","14","all","18","2541","6","127","260","51302","266"
"851","29","500","false","false","53","3","14","all","18","3801","4","190","289","76735.5","293"
"849","29","500","false","false","53","3","14","all","18","4141","7","207","351","83460.5","358"
"857","29","500","false","false","53","3","14","all","18","2081","1","104","111","42091","112"
"859","29","500","false","false","53","3","14","all","18","1961","1","98","70","39648","71"
"852","29","500","false","false","53","3","14","all","18","4121","5","206","255","83134","260"
"858","29","500","false","false","53","3","14","all","18","2421","1","121","80","48983.5","81"
"853","29","500","false","false","53","3","14","all","18","3861","8","193","286","77569.5","294"
"855","29","500","false","false","53","3","14","all","18","3281","8","164","303","66101","311"
"848","29","500","false","false","53","3","14","all","18","4881","4","244","302","98454.5","306"
"850","29","500","false","false","53","3","14","all","18","5101","6","255","325","102909","331"
"862","29","500","false","false","53","3","14","all","18","1361","1","68","42","27521.5","43"
"866","29","500","false","false","53","3","14","all","18","1841","0","92","48","37260","48"
"867","29","500","false","false","53","3","14","all","18","1901","2","95","66","38429","68"
"864","29","500","false","false","53","3","14","all","18","1861","4","93","132","37570.5","136"
"871","29","500","false","false","53","3","14","all","18","1581","3","79","89","31952.5","92"
"861","29","500","false","false","53","3","14","all","18","2681","1","134","157","53849.5","158"
"865","29","500","false","false","53","3","14","all","18","2841","3","142","182","57415","185"
"860","29","500","false","false","53","3","14","all","18","4141","4","207","256","83542","260"
"869","29","500","false","false","53","3","14","all","18","2921","5","146","186","59009","191"
"863","29","500","false","false","53","3","14","all","18","4521","9","226","321","90903.5","330"
"868","29","500","false","false","53","3","14","all","18","4121","7","206","388","83044","395"
"878","29","500","false","false","53","3","14","all","18","1641","3","82","60","33152","63"
"874","29","500","false","false","53","3","14","all","18","2781","5","139","231","56145.5","236"
"872","29","500","false","false","53","3","14","all","18","3741","6","187","267","75507","273"
"870","29","500","false","false","53","3","14","all","18","4061","9","203","356","81634","365"
"873","29","500","false","false","53","3","14","all","18","3421","6","171","317","68940","323"
"886","29","500","false","false","53","3","14","all","18","901","0","45","22","17820","22"
"877","29","500","false","false","53","3","14","all","18","3361","4","168","271","67863","275"
"875","29","500","false","false","53","3","14","all","18","3501","8","175","300","70485.5","308"
"880","29","500","false","false","53","3","14","all","18","2901","7","145","253","58462","260"
"879","29","500","false","false","53","3","14","all","18","4161","10","208","271","83718.5","281"
"876","29","500","false","false","53","3","14","all","18","4541","3","227","353","91721","356"
"885","29","500","false","false","53","3","14","all","18","2341","2","117","80","47297","82"
"884","29","500","false","false","53","3","14","all","18","2741","5","137","164","55261","169"
"882","29","500","false","false","53","3","14","all","18","2961","6","148","297","59803","303"
"881","29","500","false","false","53","3","14","all","18","3401","10","170","377","68572","387"
"890","29","500","false","false","53","3","14","all","18","1961","0","98","86","39690","86"
"898","29","500","false","false","53","3","14","all","18","981","1","49","42","19827.5","43"
"887","29","500","false","false","53","3","14","all","18","3721","7","186","328","74890.5","335"
"891","29","500","false","false","53","3","14","all","18","2801","5","140","169","56507","174"
"889","29","500","false","false","53","3","14","all","18","3481","6","174","283","70178.5","289"
"893","29","500","false","false","53","3","14","all","18","2601","9","130","313","52326","322"
"883","29","500","false","false","53","3","14","all","18","5781","3","289","237","116911.5","240"
"892","29","500","false","false","53","3","14","all","18","4081","6","204","257","82276.5","263"
"894","29","500","false","false","53","3","14","all","18","3701","8","185","210","74520","218"
"897","29","500","false","false","53","3","14","all","18","4061","11","203","254","81532","265"
"895","29","500","false","false","53","3","14","all","18","4141","9","207","249","83370","258"
"896","29","500","false","false","53","3","14","all","18","4321","4","216","259","87341","263"
"888","29","500","false","false","53","3","14","all","18","6181","5","309","237","124192","242"
"900","29","500","false","false","53","3","14","all","18","3021","9","151","334","60840","343"
"899","29","500","false","false","53","3","14","all","18","4401","2","220","202","89053.5","204"
