"[run number]","detection_sick_people","security_measures","proportion_retired","people","_network_type","_nodes","proportion_paranoid","proportion_worker","infectious_rate","duration","discovery_type","lockdown_type","proportion_student","stability-factor","proportion_skeptic","deterrents","[step]","n_of_death","days","count turtles with [spreader? = true]","count turtles with [color = gray]","count turtles with [notp? = true]","Neg_student + Neg_retired + Neg_worker","count turtles with [color = gray] + n_of_death"
"11","true","false","29","500","small-world","500","12","53","3","14","standard_min","lockdown_worker","18","200","12","true","381","9","20","12","491","98","6571.75","500"
"9","true","false","29","500","small-world","500","12","53","3","14","standard_min","lockdown_worker","18","200","12","true","381","13","20","17","487","130","6467.5","500"
"4","true","false","29","500","small-world","500","12","53","3","14","standard_min","lockdown_worker","18","200","12","true","381","16","20","8","484","89","6511","500"
"7","true","false","29","500","small-world","500","12","53","3","14","standard_min","lockdown_worker","18","200","12","true","381","9","20","11","491","114","6535.25","500"
"2","true","false","29","500","small-world","500","12","53","3","14","standard_min","lockdown_worker","18","200","12","true","401","14","21","7","486","107","6922.5","500"
"1","true","false","29","500","small-world","500","12","53","3","14","standard_min","lockdown_worker","18","200","12","true","381","9","20","12","491","82","6233.75","500"
"12","true","false","29","500","small-world","500","12","53","3","14","standard_min","lockdown_worker","18","200","12","true","381","9","20","7","491","80","6538","500"
"10","true","false","29","500","small-world","500","12","53","3","14","standard_min","lockdown_worker","18","200","12","true","401","9","21","19","491","165","6988.25","500"
"8","true","false","29","500","small-world","500","12","53","3","14","standard_min","lockdown_worker","18","200","12","true","441","14","23","7","486","100","7568","500"
"5","true","false","29","500","small-world","500","12","53","3","14","standard_min","lockdown_worker","18","200","12","true","421","13","22","16","487","199","6929.25","500"
"6","true","false","29","500","small-world","500","12","53","3","14","standard_min","lockdown_worker","18","200","12","true","421","7","22","10","493","96","7283.25","500"
"3","true","false","29","500","small-world","500","12","53","3","14","standard_min","lockdown_worker","18","200","12","true","401","12","21","14","488","137","6908.5","500"
"13","true","false","29","500","small-world","500","12","53","3","14","standard_min","lockdown_worker","18","200","12","true","421","7","22","9","493","94","7311.75","500"
"14","true","false","29","500","small-world","500","12","53","3","14","standard_min","lockdown_worker","18","200","12","true","401","6","21","13","494","89","6957.25","500"
"23","true","false","29","500","small-world","500","12","53","3","14","standard_min","lockdown_worker","18","200","12","true","381","15","20","6","485","79","6474.5","500"
"21","true","false","29","500","small-world","500","12","53","3","14","standard_min","lockdown_worker","18","200","12","true","401","11","21","13","489","89","6918.25","500"
"20","true","false","29","500","small-world","500","12","53","3","14","standard_min","lockdown_worker","18","200","12","true","401","9","21","18","491","115","6910.75","500"
"22","true","false","29","500","small-world","500","12","53","3","14","standard_min","lockdown_worker","18","200","12","true","421","10","22","5","490","70","7221.25","500"
"15","true","false","29","500","small-world","500","12","53","3","14","standard_min","lockdown_worker","18","200","12","true","381","11","20","27","489","190","6489.75","500"
"17","true","false","29","500","small-world","500","12","53","3","14","standard_min","lockdown_worker","18","200","12","true","421","9","22","14","491","116","7200","500"
"16","true","false","29","500","small-world","500","12","53","3","14","standard_min","lockdown_worker","18","200","12","true","421","16","22","15","484","108","7313.5","500"
"19","true","false","29","500","small-world","500","12","53","3","14","standard_min","lockdown_worker","18","200","12","true","441","8","23","9","492","94","7703.5","500"
"18","true","false","29","500","small-world","500","12","53","3","14","standard_min","lockdown_worker","18","200","12","true","401","6","21","7","494","75","6860.75","500"
"24","true","false","29","500","small-world","500","12","53","3","14","standard_min","lockdown_worker","18","200","12","true","381","15","20","7","485","73","6497.5","500"
"25","true","false","29","500","small-world","500","12","53","3","14","standard_min","lockdown_worker","18","200","12","true","401","7","21","8","493","92","6934","500"
"26","true","false","29","500","small-world","500","12","53","3","14","standard_min","lockdown_worker","18","200","12","true","421","8","22","14","492","83","7290","500"
"27","true","false","29","500","small-world","500","12","53","3","14","standard_min","lockdown_worker","18","200","12","true","381","16","20","10","484","78","6500","500"
"29","true","false","29","500","small-world","500","12","53","3","14","standard_min","lockdown_worker","18","200","12","true","381","13","20","15","487","98","6396.25","500"
"28","true","false","29","500","small-world","500","12","53","3","14","standard_min","lockdown_worker","18","200","12","true","401","17","21","11","483","89","6859","500"
"35","true","false","29","500","small-world","500","12","53","3","14","standard_min","lockdown_worker","18","200","12","true","401","11","21","4","489","96","6900","500"
"30","true","false","29","500","small-world","500","12","53","3","14","standard_min","lockdown_worker","18","200","12","true","401","11","21","8","489","104","6875.25","500"
"33","true","false","29","500","small-world","500","12","53","3","14","standard_min","lockdown_worker","18","200","12","true","401","9","21","8","491","88","6879.25","500"
"34","true","false","29","500","small-world","500","12","53","3","14","standard_min","lockdown_worker","18","200","12","true","421","11","22","11","489","116","7195.25","500"
"31","true","false","29","500","small-world","500","12","53","3","14","standard_min","lockdown_worker","18","200","12","true","401","3","21","7","497","75","6862.75","500"
"36","true","false","29","500","small-world","500","12","53","3","14","standard_min","lockdown_worker","18","200","12","true","381","13","20","11","487","103","6545.25","500"
"32","true","false","29","500","small-world","500","12","53","3","14","standard_min","lockdown_worker","18","200","12","true","401","16","21","16","484","93","6914.75","500"
"39","true","false","29","500","small-world","500","12","53","3","14","standard_min","lockdown_worker","18","200","12","true","381","10","20","20","490","203","6506.5","500"
"37","true","false","29","500","small-world","500","12","53","3","14","standard_min","lockdown_worker","18","200","12","true","381","14","20","8","486","125","6476.5","500"
"38","true","false","29","500","small-world","500","12","53","3","14","standard_min","lockdown_worker","18","200","12","true","401","12","21","9","488","115","6875.75","500"
"40","true","false","29","500","small-world","500","12","53","3","14","standard_min","lockdown_worker","18","200","12","true","401","10","21","25","490","189","6856.5","500"
"45","true","false","29","500","small-world","500","12","53","3","14","standard_min","lockdown_worker","18","200","12","true","401","14","21","9","486","87","6844.5","500"
"42","true","false","29","500","small-world","500","12","53","3","14","standard_min","lockdown_worker","18","200","12","true","401","12","21","16","488","128","6522.5","500"
"41","true","false","29","500","small-world","500","12","53","3","14","standard_min","lockdown_worker","18","200","12","true","421","13","22","11","487","81","7256.75","500"
"44","true","false","29","500","small-world","500","12","53","3","14","standard_min","lockdown_worker","18","200","12","true","381","10","20","16","490","174","6549","500"
"43","true","false","29","500","small-world","500","12","53","3","14","standard_min","lockdown_worker","18","200","12","true","421","10","22","14","490","98","7229.75","500"
"46","true","false","29","500","small-world","500","12","53","3","14","standard_min","lockdown_worker","18","200","12","true","421","12","22","36","488","278","7202","500"
"47","true","false","29","500","small-world","500","12","53","3","14","standard_min","lockdown_worker","18","200","12","true","401","8","21","13","492","78","6857.75","500"
"48","true","false","29","500","small-world","500","12","53","3","14","standard_min","lockdown_worker","18","200","12","true","401","15","21","9","485","78","6879.5","500"
"51","true","false","29","500","small-world","500","12","53","3","14","standard_min","lockdown_retired","18","200","12","true","341","11","18","6","489","101","4450.5","500"
"49","true","false","29","500","small-world","500","12","53","3","14","standard_min","lockdown_worker","18","200","12","true","401","15","21","15","485","123","6874.25","500"
"52","true","false","29","500","small-world","500","12","53","3","14","standard_min","lockdown_retired","18","200","12","true","361","17","19","13","483","88","4596.75","500"
"50","true","false","29","500","small-world","500","12","53","3","14","standard_min","lockdown_worker","18","200","12","true","401","15","21","27","485","207","6882.5","500"
"54","true","false","29","500","small-world","500","12","53","3","14","standard_min","lockdown_retired","18","200","12","true","361","14","19","7","486","68","4733.25","500"
"57","true","false","29","500","small-world","500","12","53","3","14","standard_min","lockdown_retired","18","200","12","true","361","8","19","17","492","176","4754.25","500"
"53","true","false","29","500","small-world","500","12","53","3","14","standard_min","lockdown_retired","18","200","12","true","381","7","20","6","493","101","4719.5","500"
"55","true","false","29","500","small-world","500","12","53","3","14","standard_min","lockdown_retired","18","200","12","true","381","11","20","12","489","111","4713","500"
"56","true","false","29","500","small-world","500","12","53","3","14","standard_min","lockdown_retired","18","200","12","true","361","10","19","14","490","147","4720.5","500"
"58","true","false","29","500","small-world","500","12","53","3","14","standard_min","lockdown_retired","18","200","12","true","361","14","19","18","486","158","4716.75","500"
"59","true","false","29","500","small-world","500","12","53","3","14","standard_min","lockdown_retired","18","200","12","true","361","8","19","9","492","103","4663","500"
"60","true","false","29","500","small-world","500","12","53","3","14","standard_min","lockdown_retired","18","200","12","true","361","19","19","20","481","175","4475.5","500"
"62","true","false","29","500","small-world","500","12","53","3","14","standard_min","lockdown_retired","18","200","12","true","361","11","19","8","489","67","4679","500"
"64","true","false","29","500","small-world","500","12","53","3","14","standard_min","lockdown_retired","18","200","12","true","361","18","19","13","482","97","4730.5","500"
"63","true","false","29","500","small-world","500","12","53","3","14","standard_min","lockdown_retired","18","200","12","true","361","14","19","7","486","78","4664.5","500"
"61","true","false","29","500","small-world","500","12","53","3","14","standard_min","lockdown_retired","18","200","12","true","381","9","20","14","491","130","4924","500"
"65","true","false","29","500","small-world","500","12","53","3","14","standard_min","lockdown_retired","18","200","12","true","361","14","19","10","486","97","4604.25","500"
"66","true","false","29","500","small-world","500","12","53","3","14","standard_min","lockdown_retired","18","200","12","true","361","10","19","15","490","142","4790.75","500"
"67","true","false","29","500","small-world","500","12","53","3","14","standard_min","lockdown_retired","18","200","12","true","381","9","20","24","491","266","5099.75","500"
"70","true","false","29","500","small-world","500","12","53","3","14","standard_min","lockdown_retired","18","200","12","true","361","8","19","11","492","75","4702","500"
"68","true","false","29","500","small-world","500","12","53","3","14","standard_min","lockdown_retired","18","200","12","true","361","14","19","15","486","66","4636","500"
"69","true","false","29","500","small-world","500","12","53","3","14","standard_min","lockdown_retired","18","200","12","true","361","11","19","15","489","152","4761.5","500"
"72","true","false","29","500","small-world","500","12","53","3","14","standard_min","lockdown_retired","18","200","12","true","361","18","19","13","482","99","4736","500"
"71","true","false","29","500","small-world","500","12","53","3","14","standard_min","lockdown_retired","18","200","12","true","361","13","19","9","487","75","4747.75","500"
"73","true","false","29","500","small-world","500","12","53","3","14","standard_min","lockdown_retired","18","200","12","true","361","15","19","5","485","76","4728.25","500"
"75","true","false","29","500","small-world","500","12","53","3","14","standard_min","lockdown_retired","18","200","12","true","361","10","19","5","490","115","4513","500"
"76","true","false","29","500","small-world","500","12","53","3","14","standard_min","lockdown_retired","18","200","12","true","361","14","19","23","486","187","4736.5","500"
"77","true","false","29","500","small-world","500","12","53","3","14","standard_min","lockdown_retired","18","200","12","true","361","12","19","14","488","156","4709","500"
"74","true","false","29","500","small-world","500","12","53","3","14","standard_min","lockdown_retired","18","200","12","true","381","12","20","14","488","137","4895.25","500"
"80","true","false","29","500","small-world","500","12","53","3","14","standard_min","lockdown_retired","18","200","12","true","361","7","19","26","493","192","4566.75","500"
"82","true","false","29","500","small-world","500","12","53","3","14","standard_min","lockdown_retired","18","200","12","true","341","9","18","17","491","133","4445.25","500"
"78","true","false","29","500","small-world","500","12","53","3","14","standard_min","lockdown_retired","18","200","12","true","381","11","20","16","489","112","5102","500"
"79","true","false","29","500","small-world","500","12","53","3","14","standard_min","lockdown_retired","18","200","12","true","381","11","20","13","489","125","4953","500"
"81","true","false","29","500","small-world","500","12","53","3","14","standard_min","lockdown_retired","18","200","12","true","361","8","19","11","492","123","4837.5","500"
"83","true","false","29","500","small-world","500","12","53","3","14","standard_min","lockdown_retired","18","200","12","true","341","12","18","14","488","154","4381.75","500"
"84","true","false","29","500","small-world","500","12","53","3","14","standard_min","lockdown_retired","18","200","12","true","361","13","19","8","487","106","4569.5","500"
"85","true","false","29","500","small-world","500","12","53","3","14","standard_min","lockdown_retired","18","200","12","true","361","14","19","13","486","78","4704.5","500"
"86","true","false","29","500","small-world","500","12","53","3","14","standard_min","lockdown_retired","18","200","12","true","361","12","19","25","488","159","4657","500"
"89","true","false","29","500","small-world","500","12","53","3","14","standard_min","lockdown_retired","18","200","12","true","361","11","19","14","489","107","4764.75","500"
"88","true","false","29","500","small-world","500","12","53","3","14","standard_min","lockdown_retired","18","200","12","true","361","10","19","14","490","95","4809.5","500"
"87","true","false","29","500","small-world","500","12","53","3","14","standard_min","lockdown_retired","18","200","12","true","361","11","19","11","489","125","4611","500"
"90","true","false","29","500","small-world","500","12","53","3","14","standard_min","lockdown_retired","18","200","12","true","361","10","19","19","490","112","4715.25","500"
"95","true","false","29","500","small-world","500","12","53","3","14","standard_min","lockdown_retired","18","200","12","true","341","13","18","13","487","86","4354.75","500"
"91","true","false","29","500","small-world","500","12","53","3","14","standard_min","lockdown_retired","18","200","12","true","361","20","19","7","480","66","4735","500"
"94","true","false","29","500","small-world","500","12","53","3","14","standard_min","lockdown_retired","18","200","12","true","361","8","19","14","492","166","4750","500"
"93","true","false","29","500","small-world","500","12","53","3","14","standard_min","lockdown_retired","18","200","12","true","361","10","19","14","490","119","4699.25","500"
"92","true","false","29","500","small-world","500","12","53","3","14","standard_min","lockdown_retired","18","200","12","true","361","9","19","16","491","147","4600","500"
"96","true","false","29","500","small-world","500","12","53","3","14","standard_min","lockdown_retired","18","200","12","true","361","18","19","8","482","104","4631.75","500"
"98","true","false","29","500","small-world","500","12","53","3","14","standard_min","lockdown_retired","18","200","12","true","361","9","19","9","491","112","4830","500"
"97","true","false","29","500","small-world","500","12","53","3","14","standard_min","lockdown_retired","18","200","12","true","361","7","19","15","493","141","4750.5","500"
"100","true","false","29","500","small-world","500","12","53","3","14","standard_min","lockdown_retired","18","200","12","true","361","7","19","9","493","103","4697.5","500"
"99","true","false","29","500","small-world","500","12","53","3","14","standard_min","lockdown_retired","18","200","12","true","341","10","18","7","490","84","4367.75","500"
"101","true","false","29","500","small-world","500","12","53","3","14","standard_min","lockdown_student","18","200","12","true","361","11","19","13","489","172","4638","500"
"102","true","false","29","500","small-world","500","12","53","3","14","standard_min","lockdown_student","18","200","12","true","361","13","19","11","487","130","4634","500"
"104","true","false","29","500","small-world","500","12","53","3","14","standard_min","lockdown_student","18","200","12","true","361","12","19","12","488","105","4637","500"
"106","true","false","29","500","small-world","500","12","53","3","14","standard_min","lockdown_student","18","200","12","true","361","19","19","8","481","96","4669","500"
"103","true","false","29","500","small-world","500","12","53","3","14","standard_min","lockdown_student","18","200","12","true","361","13","19","19","487","116","4604.5","500"
"107","true","false","29","500","small-world","500","12","53","3","14","standard_min","lockdown_student","18","200","12","true","361","15","19","12","485","114","4520.5","500"
"105","true","false","29","500","small-world","500","12","53","3","14","standard_min","lockdown_student","18","200","12","true","361","10","19","9","490","87","4673.5","500"
"108","true","false","29","500","small-world","500","12","53","3","14","standard_min","lockdown_student","18","200","12","true","361","13","19","18","487","131","4636","500"
"109","true","false","29","500","small-world","500","12","53","3","14","standard_min","lockdown_student","18","200","12","true","361","15","19","9","485","87","4608.5","500"
"110","true","false","29","500","small-world","500","12","53","3","14","standard_min","lockdown_student","18","200","12","true","361","15","19","18","485","115","4666.5","500"
"111","true","false","29","500","small-world","500","12","53","3","14","standard_min","lockdown_student","18","200","12","true","381","10","20","12","490","135","4673.5","500"
"112","true","false","29","500","small-world","500","12","53","3","14","standard_min","lockdown_student","18","200","12","true","361","16","19","16","484","121","4635.5","500"
"114","true","false","29","500","small-world","500","12","53","3","14","standard_min","lockdown_student","18","200","12","true","361","9","19","8","491","87","4492.5","500"
"113","true","false","29","500","small-world","500","12","53","3","14","standard_min","lockdown_student","18","200","12","true","361","9","19","16","491","133","4601","500"
"115","true","false","29","500","small-world","500","12","53","3","14","standard_min","lockdown_student","18","200","12","true","381","9","20","8","491","100","4830","500"
"118","true","false","29","500","small-world","500","12","53","3","14","standard_min","lockdown_student","18","200","12","true","361","9","19","13","491","79","4705","500"
"119","true","false","29","500","small-world","500","12","53","3","14","standard_min","lockdown_student","18","200","12","true","361","20","19","26","480","260","4444.5","500"
"116","true","false","29","500","small-world","500","12","53","3","14","standard_min","lockdown_student","18","200","12","true","361","18","19","16","482","141","4605","500"
"117","true","false","29","500","small-world","500","12","53","3","14","standard_min","lockdown_student","18","200","12","true","361","12","19","12","488","198","4679","500"
"120","true","false","29","500","small-world","500","12","53","3","14","standard_min","lockdown_student","18","200","12","true","361","15","19","19","485","117","4599.5","500"
"121","true","false","29","500","small-world","500","12","53","3","14","standard_min","lockdown_student","18","200","12","true","361","10","19","12","490","111","4364.5","500"
"122","true","false","29","500","small-world","500","12","53","3","14","standard_min","lockdown_student","18","200","12","true","381","8","20","15","492","131","4876","500"
"125","true","false","29","500","small-world","500","12","53","3","14","standard_min","lockdown_student","18","200","12","true","361","13","19","7","487","67","4629.5","500"
"123","true","false","29","500","small-world","500","12","53","3","14","standard_min","lockdown_student","18","200","12","true","361","10","19","44","490","313","4586","500"
"124","true","false","29","500","small-world","500","12","53","3","14","standard_min","lockdown_student","18","200","12","true","361","9","19","7","491","97","4563","500"
"126","true","false","29","500","small-world","500","12","53","3","14","standard_min","lockdown_student","18","200","12","true","381","16","20","16","484","134","4888","500"
"127","true","false","29","500","small-world","500","12","53","3","14","standard_min","lockdown_student","18","200","12","true","361","16","19","19","484","162","4506.5","500"
"128","true","false","29","500","small-world","500","12","53","3","14","standard_min","lockdown_student","18","200","12","true","341","15","18","6","485","80","4314","500"
"130","true","false","29","500","small-world","500","12","53","3","14","standard_min","lockdown_student","18","200","12","true","361","14","19","12","486","96","4614.5","500"
"129","true","false","29","500","small-world","500","12","53","3","14","standard_min","lockdown_student","18","200","12","true","361","4","19","17","496","150","4642","500"
"131","true","false","29","500","small-world","500","12","53","3","14","standard_min","lockdown_student","18","200","12","true","361","6","19","6","494","85","4660.5","500"
"132","true","false","29","500","small-world","500","12","53","3","14","standard_min","lockdown_student","18","200","12","true","361","7","19","16","493","98","4673","500"
"133","true","false","29","500","small-world","500","12","53","3","14","standard_min","lockdown_student","18","200","12","true","361","16","19","20","484","200","4543","500"
"134","true","false","29","500","small-world","500","12","53","3","14","standard_min","lockdown_student","18","200","12","true","361","12","19","7","488","75","4642","500"
"135","true","false","29","500","small-world","500","12","53","3","14","standard_min","lockdown_student","18","200","12","true","341","13","18","6","487","169","4331.5","500"
"136","true","false","29","500","small-world","500","12","53","3","14","standard_min","lockdown_student","18","200","12","true","361","12","19","10","488","108","4726.5","500"
"137","true","false","29","500","small-world","500","12","53","3","14","standard_min","lockdown_student","18","200","12","true","381","15","20","23","485","176","4738.5","500"
"138","true","false","29","500","small-world","500","12","53","3","14","standard_min","lockdown_student","18","200","12","true","381","10","20","12","490","107","5036.5","500"
"141","true","false","29","500","small-world","500","12","53","3","14","standard_min","lockdown_student","18","200","12","true","361","13","19","16","487","118","4756.5","500"
"139","true","false","29","500","small-world","500","12","53","3","14","standard_min","lockdown_student","18","200","12","true","381","10","20","8","490","77","4611","500"
"142","true","false","29","500","small-world","500","12","53","3","14","standard_min","lockdown_student","18","200","12","true","361","9","19","9","491","113","4660","500"
"140","true","false","29","500","small-world","500","12","53","3","14","standard_min","lockdown_student","18","200","12","true","361","15","19","14","485","135","4627.5","500"
"144","true","false","29","500","small-world","500","12","53","3","14","standard_min","lockdown_student","18","200","12","true","361","15","19","6","485","78","4641.5","500"
"143","true","false","29","500","small-world","500","12","53","3","14","standard_min","lockdown_student","18","200","12","true","361","13","19","15","487","81","4501","500"
"145","true","false","29","500","small-world","500","12","53","3","14","standard_min","lockdown_student","18","200","12","true","361","8","19","12","492","89","4702.5","500"
"146","true","false","29","500","small-world","500","12","53","3","14","standard_min","lockdown_student","18","200","12","true","361","7","19","37","493","314","4695.5","500"
"148","true","false","29","500","small-world","500","12","53","3","14","standard_min","lockdown_student","18","200","12","true","361","8","19","19","492","180","4745","500"
"147","true","false","29","500","small-world","500","12","53","3","14","standard_min","lockdown_student","18","200","12","true","361","17","19","7","483","73","4560","500"
"149","true","false","29","500","small-world","500","12","53","3","14","standard_min","lockdown_student","18","200","12","true","361","13","19","7","487","72","4666","500"
"154","true","false","29","500","small-world","500","12","53","3","14","standard_min","none","18","200","12","true","341","12","18","22","488","231","3818","500"
"152","true","false","29","500","small-world","500","12","53","3","14","standard_min","none","18","200","12","true","361","11","19","19","489","153","4150.5","500"
"150","true","false","29","500","small-world","500","12","53","3","14","standard_min","lockdown_student","18","200","12","true","361","8","19","9","492","83","4588.5","500"
"151","true","false","29","500","small-world","500","12","53","3","14","standard_min","none","18","200","12","true","361","13","19","8","487","161","4215.5","500"
"153","true","false","29","500","small-world","500","12","53","3","14","standard_min","none","18","200","12","true","361","9","19","12","491","83","4173.75","500"
"155","true","false","29","500","small-world","500","12","53","3","14","standard_min","none","18","200","12","true","381","10","20","8","490","68","4082.25","500"
"156","true","false","29","500","small-world","500","12","53","3","14","standard_min","none","18","200","12","true","361","5","19","14","495","85","4112.5","500"
"157","true","false","29","500","small-world","500","12","53","3","14","standard_min","none","18","200","12","true","361","14","19","8","486","103","3980.75","500"
"158","true","false","29","500","small-world","500","12","53","3","14","standard_min","none","18","200","12","true","341","16","18","6","484","89","3763.5","500"
"159","true","false","29","500","small-world","500","12","53","3","14","standard_min","none","18","200","12","true","361","17","19","11","483","91","4125.25","500"
"160","true","false","29","500","small-world","500","12","53","3","14","standard_min","none","18","200","12","true","361","14","19","19","486","144","4100.75","500"
"161","true","false","29","500","small-world","500","12","53","3","14","standard_min","none","18","200","12","true","361","11","19","3","489","94","4130.25","500"
"166","true","false","29","500","small-world","500","12","53","3","14","standard_min","none","18","200","12","true","341","10","18","18","490","135","3756.25","500"
"162","true","false","29","500","small-world","500","12","53","3","14","standard_min","none","18","200","12","true","361","8","19","14","492","118","4044","500"
"163","true","false","29","500","small-world","500","12","53","3","14","standard_min","none","18","200","12","true","361","13","19","12","487","89","3985.5","500"
"165","true","false","29","500","small-world","500","12","53","3","14","standard_min","none","18","200","12","true","361","18","19","12","482","86","4093.25","500"
"167","true","false","29","500","small-world","500","12","53","3","14","standard_min","none","18","200","12","true","361","11","19","12","489","102","3896.5","500"
"164","true","false","29","500","small-world","500","12","53","3","14","standard_min","none","18","200","12","true","361","20","19","8","480","126","4056.5","500"
"168","true","false","29","500","small-world","500","12","53","3","14","standard_min","none","18","200","12","true","341","11","18","15","489","170","3807.75","500"
"169","true","false","29","500","small-world","500","12","53","3","14","standard_min","none","18","200","12","true","341","12","18","12","488","83","3873.5","500"
"170","true","false","29","500","small-world","500","12","53","3","14","standard_min","none","18","200","12","true","361","11","19","30","489","233","4175.75","500"
"171","true","false","29","500","small-world","500","12","53","3","14","standard_min","none","18","200","12","true","361","6","19","14","494","127","4156.25","500"
"172","true","false","29","500","small-world","500","12","53","3","14","standard_min","none","18","200","12","true","361","18","19","12","482","127","4151","500"
"173","true","false","29","500","small-world","500","12","53","3","14","standard_min","none","18","200","12","true","361","15","19","21","485","206","4179.5","500"
"177","true","false","29","500","small-world","500","12","53","3","14","standard_min","none","18","200","12","true","361","14","19","10","486","107","4200.75","500"
"174","true","false","29","500","small-world","500","12","53","3","14","standard_min","none","18","200","12","true","361","17","19","4","483","67","4235.5","500"
"176","true","false","29","500","small-world","500","12","53","3","14","standard_min","none","18","200","12","true","341","11","18","13","489","103","3885.25","500"
"175","true","false","29","500","small-world","500","12","53","3","14","standard_min","none","18","200","12","true","361","9","19","13","491","100","4090.75","500"
"178","true","false","29","500","small-world","500","12","53","3","14","standard_min","none","18","200","12","true","381","13","20","12","487","131","4191.5","500"
"179","true","false","29","500","small-world","500","12","53","3","14","standard_min","none","18","200","12","true","361","10","19","8","490","83","4053","500"
"180","true","false","29","500","small-world","500","12","53","3","14","standard_min","none","18","200","12","true","361","13","19","5","487","62","4136.5","500"
"181","true","false","29","500","small-world","500","12","53","3","14","standard_min","none","18","200","12","true","361","13","19","7","487","84","4103.5","500"
"182","true","false","29","500","small-world","500","12","53","3","14","standard_min","none","18","200","12","true","361","9","19","10","491","94","4005.25","500"
"183","true","false","29","500","small-world","500","12","53","3","14","standard_min","none","18","200","12","true","361","14","19","8","486","83","4183.5","500"
"184","true","false","29","500","small-world","500","12","53","3","14","standard_min","none","18","200","12","true","361","8","19","12","492","97","4177","500"
"186","true","false","29","500","small-world","500","12","53","3","14","standard_min","none","18","200","12","true","361","11","19","11","489","86","4163.25","500"
"187","true","false","29","500","small-world","500","12","53","3","14","standard_min","none","18","200","12","true","341","12","18","7","488","71","3800","500"
"188","true","false","29","500","small-world","500","12","53","3","14","standard_min","none","18","200","12","true","341","8","18","5","492","91","3815.5","500"
"185","true","false","29","500","small-world","500","12","53","3","14","standard_min","none","18","200","12","true","361","10","19","10","490","98","4006","500"
"189","true","false","29","500","small-world","500","12","53","3","14","standard_min","none","18","200","12","true","361","11","19","14","489","188","4004","500"
"190","true","false","29","500","small-world","500","12","53","3","14","standard_min","none","18","200","12","true","341","13","18","13","487","113","3862","500"
"191","true","false","29","500","small-world","500","12","53","3","14","standard_min","none","18","200","12","true","341","16","18","4","484","56","3832.5","500"
"192","true","false","29","500","small-world","500","12","53","3","14","standard_min","none","18","200","12","true","361","12","19","16","488","127","4056.25","500"
"193","true","false","29","500","small-world","500","12","53","3","14","standard_min","none","18","200","12","true","361","7","19","6","493","71","3957.75","500"
"194","true","false","29","500","small-world","500","12","53","3","14","standard_min","none","18","200","12","true","341","4","18","30","496","216","3830.75","500"
"196","true","false","29","500","small-world","500","12","53","3","14","standard_min","none","18","200","12","true","341","8","18","5","492","73","3785.75","500"
"195","true","false","29","500","small-world","500","12","53","3","14","standard_min","none","18","200","12","true","361","7","19","5","493","85","4127.5","500"
"198","true","false","29","500","small-world","500","12","53","3","14","standard_min","none","18","200","12","true","361","9","19","24","491","239","4093.25","500"
"199","true","false","29","500","small-world","500","12","53","3","14","standard_min","none","18","200","12","true","361","8","19","18","492","166","3991","500"
"197","true","false","29","500","small-world","500","12","53","3","14","standard_min","none","18","200","12","true","361","7","19","17","493","149","4075.25","500"
"200","true","false","29","500","small-world","500","12","53","3","14","standard_min","none","18","200","12","true","361","13","19","20","487","132","4033.25","500"
"201","true","false","29","500","small-world","500","12","53","3","14","standard_min","lockdown_worker+retired","18","200","12","true","421","18","22","4","481","78","7861.75","499"
"202","true","false","29","500","small-world","500","12","53","3","14","standard_min","lockdown_worker+retired","18","200","12","true","421","14","22","30","486","187","7858.75","500"
"203","true","false","29","500","small-world","500","12","53","3","14","standard_min","lockdown_worker+retired","18","200","12","true","441","8","23","4","492","83","8334","500"
"204","true","false","29","500","small-world","500","12","53","3","14","standard_min","lockdown_worker+retired","18","200","12","true","461","14","24","16","486","102","8665","500"
"205","true","false","29","500","small-world","500","12","53","3","14","standard_min","lockdown_worker+retired","18","200","12","true","461","15","24","8","482","75","8648.25","497"
"206","true","false","29","500","small-world","500","12","53","3","14","standard_min","lockdown_worker+retired","18","200","12","true","461","15","24","10","485","107","8673.25","500"
"207","true","false","29","500","small-world","500","12","53","3","14","standard_min","lockdown_worker+retired","18","200","12","true","421","14","22","16","486","103","7906","500"
"208","true","false","29","500","small-world","500","12","53","3","14","standard_min","lockdown_worker+retired","18","200","12","true","441","7","23","9","493","115","8301.75","500"
"209","true","false","29","500","small-world","500","12","53","3","14","standard_min","lockdown_worker+retired","18","200","12","true","441","16","23","15","483","107","8289","499"
"211","true","false","29","500","small-world","500","12","53","3","14","standard_min","lockdown_worker+retired","18","200","12","true","441","15","23","16","484","129","8285.5","499"
"213","true","false","29","500","small-world","500","12","53","3","14","standard_min","lockdown_worker+retired","18","200","12","true","441","14","23","8","486","90","8264.75","500"
"210","true","false","29","500","small-world","500","12","53","3","14","standard_min","lockdown_worker+retired","18","200","12","true","461","10","24","9","489","75","8674.5","499"
"212","true","false","29","500","small-world","500","12","53","3","14","standard_min","lockdown_worker+retired","18","200","12","true","441","10","23","17","489","172","8336","499"
"214","true","false","29","500","small-world","500","12","53","3","14","standard_min","lockdown_worker+retired","18","200","12","true","461","13","24","9","487","81","8642","500"
"215","true","false","29","500","small-world","500","12","53","3","14","standard_min","lockdown_worker+retired","18","200","12","true","441","14","23","17","485","109","8288","499"
"216","true","false","29","500","small-world","500","12","53","3","14","standard_min","lockdown_worker+retired","18","200","12","true","441","8","23","24","492","234","7978.5","500"
"217","true","false","29","500","small-world","500","12","53","3","14","standard_min","lockdown_worker+retired","18","200","12","true","441","9","23","11","491","83","8331.25","500"
"218","true","false","29","500","small-world","500","12","53","3","14","standard_min","lockdown_worker+retired","18","200","12","true","461","10","24","9","490","100","8673.25","500"
"219","true","false","29","500","small-world","500","12","53","3","14","standard_min","lockdown_worker+retired","18","200","12","true","461","8","24","17","492","98","8677","500"
"220","true","false","29","500","small-world","500","12","53","3","14","standard_min","lockdown_worker+retired","18","200","12","true","481","18","25","11","482","115","9008","500"
"221","true","false","29","500","small-world","500","12","53","3","14","standard_min","lockdown_worker+retired","18","200","12","true","461","15","24","4","485","64","8697.75","500"
"222","true","false","29","500","small-world","500","12","53","3","14","standard_min","lockdown_worker+retired","18","200","12","true","441","14","23","17","486","105","8313","500"
"225","true","false","29","500","small-world","500","12","53","3","14","standard_min","lockdown_worker+retired","18","200","12","true","421","11","22","8","488","98","7896.5","499"
"224","true","false","29","500","small-world","500","12","53","3","14","standard_min","lockdown_worker+retired","18","200","12","true","421","18","22","23","481","195","7914","499"
"226","true","false","29","500","small-world","500","12","53","3","14","standard_min","lockdown_worker+retired","18","200","12","true","421","12","22","17","488","144","7895.75","500"
"223","true","false","29","500","small-world","500","12","53","3","14","standard_min","lockdown_worker+retired","18","200","12","true","481","10","25","13","490","140","9120","500"
"227","true","false","29","500","small-world","500","12","53","3","14","standard_min","lockdown_worker+retired","18","200","12","true","441","21","23","14","479","159","8291.25","500"
"228","true","false","29","500","small-world","500","12","53","3","14","standard_min","lockdown_worker+retired","18","200","12","true","421","15","22","14","484","154","7912","499"
"229","true","false","29","500","small-world","500","12","53","3","14","standard_min","lockdown_worker+retired","18","200","12","true","461","11","24","16","489","152","8658.75","500"
"230","true","false","29","500","small-world","500","12","53","3","14","standard_min","lockdown_worker+retired","18","200","12","true","481","17","25","7","482","78","9080","499"
"231","true","false","29","500","small-world","500","12","53","3","14","standard_min","lockdown_worker+retired","18","200","12","true","441","11","23","8","489","100","8294.75","500"
"232","true","false","29","500","small-world","500","12","53","3","14","standard_min","lockdown_worker+retired","18","200","12","true","441","15","23","23","485","215","8269.75","500"
"234","true","false","29","500","small-world","500","12","53","3","14","standard_min","lockdown_worker+retired","18","200","12","true","461","11","24","21","489","196","8680.75","500"
"233","true","false","29","500","small-world","500","12","53","3","14","standard_min","lockdown_worker+retired","18","200","12","true","461","9","24","17","490","126","8678.75","499"
"236","true","false","29","500","small-world","500","12","53","3","14","standard_min","lockdown_worker+retired","18","200","12","true","441","9","23","14","491","138","8287","500"
"235","true","false","29","500","small-world","500","12","53","3","14","standard_min","lockdown_worker+retired","18","200","12","true","441","6","23","16","494","150","8317.5","500"
"237","true","false","29","500","small-world","500","12","53","3","14","standard_min","lockdown_worker+retired","18","200","12","true","461","6","24","11","494","124","8697.25","500"
"239","true","false","29","500","small-world","500","12","53","3","14","standard_min","lockdown_worker+retired","18","200","12","true","441","15","23","10","485","80","8273.75","500"
"238","true","false","29","500","small-world","500","12","53","3","14","standard_min","lockdown_worker+retired","18","200","12","true","481","13","25","8","487","98","9029.5","500"
"240","true","false","29","500","small-world","500","12","53","3","14","standard_min","lockdown_worker+retired","18","200","12","true","441","10","23","8","488","73","8342.25","498"
"241","true","false","29","500","small-world","500","12","53","3","14","standard_min","lockdown_worker+retired","18","200","12","true","481","9","25","13","491","80","9104.25","500"
"243","true","false","29","500","small-world","500","12","53","3","14","standard_min","lockdown_worker+retired","18","200","12","true","421","11","22","21","489","143","7932","500"
"242","true","false","29","500","small-world","500","12","53","3","14","standard_min","lockdown_worker+retired","18","200","12","true","441","13","23","30","486","251","8287.5","499"
"244","true","false","29","500","small-world","500","12","53","3","14","standard_min","lockdown_worker+retired","18","200","12","true","441","16","23","8","484","77","8324","500"
"246","true","false","29","500","small-world","500","12","53","3","14","standard_min","lockdown_worker+retired","18","200","12","true","441","14","23","11","486","129","8270.5","500"
"245","true","false","29","500","small-world","500","12","53","3","14","standard_min","lockdown_worker+retired","18","200","12","true","441","8","23","12","492","118","8319","500"
"247","true","false","29","500","small-world","500","12","53","3","14","standard_min","lockdown_worker+retired","18","200","12","true","441","11","23","22","489","254","8305.5","500"
"248","true","false","29","500","small-world","500","12","53","3","14","standard_min","lockdown_worker+retired","18","200","12","true","441","10","23","12","490","94","8333.25","500"
"249","true","false","29","500","small-world","500","12","53","3","14","standard_min","lockdown_worker+retired","18","200","12","true","421","10","22","14","490","127","7854","500"
"251","true","false","29","500","small-world","500","12","53","3","14","standard_min","lockdown_retired+student","18","200","12","true","381","12","20","12","488","74","5535.5","500"
"250","true","false","29","500","small-world","500","12","53","3","14","standard_min","lockdown_worker+retired","18","200","12","true","421","11","22","9","488","84","7911.5","499"
"252","true","false","29","500","small-world","500","12","53","3","14","standard_min","lockdown_retired+student","18","200","12","true","381","16","20","10","484","82","5301.5","500"
"253","true","false","29","500","small-world","500","12","53","3","14","standard_min","lockdown_retired+student","18","200","12","true","381","12","20","21","488","139","5578","500"
"254","true","false","29","500","small-world","500","12","53","3","14","standard_min","lockdown_retired+student","18","200","12","true","361","14","19","7","486","84","5101.5","500"
"255","true","false","29","500","small-world","500","12","53","3","14","standard_min","lockdown_retired+student","18","200","12","true","361","11","19","9","489","82","5075","500"
"256","true","false","29","500","small-world","500","12","53","3","14","standard_min","lockdown_retired+student","18","200","12","true","381","13","20","14","487","92","5581","500"
"257","true","false","29","500","small-world","500","12","53","3","14","standard_min","lockdown_retired+student","18","200","12","true","361","9","19","16","491","171","5140.5","500"
"258","true","false","29","500","small-world","500","12","53","3","14","standard_min","lockdown_retired+student","18","200","12","true","381","11","20","12","489","123","5461.5","500"
"260","true","false","29","500","small-world","500","12","53","3","14","standard_min","lockdown_retired+student","18","200","12","true","361","15","19","13","485","91","5171","500"
"259","true","false","29","500","small-world","500","12","53","3","14","standard_min","lockdown_retired+student","18","200","12","true","401","9","21","7","491","119","5573","500"
"261","true","false","29","500","small-world","500","12","53","3","14","standard_min","lockdown_retired+student","18","200","12","true","381","10","20","21","490","143","5614.5","500"
"262","true","false","29","500","small-world","500","12","53","3","14","standard_min","lockdown_retired+student","18","200","12","true","381","6","20","6","494","79","5540.5","500"
"263","true","false","29","500","small-world","500","12","53","3","14","standard_min","lockdown_retired+student","18","200","12","true","401","11","21","9","489","94","5840.5","500"
"264","true","false","29","500","small-world","500","12","53","3","14","standard_min","lockdown_retired+student","18","200","12","true","381","9","20","6","491","80","5454.5","500"
"265","true","false","29","500","small-world","500","12","53","3","14","standard_min","lockdown_retired+student","18","200","12","true","381","14","20","13","486","129","5610.5","500"
"266","true","false","29","500","small-world","500","12","53","3","14","standard_min","lockdown_retired+student","18","200","12","true","361","5","19","12","495","97","5229.5","500"
"267","true","false","29","500","small-world","500","12","53","3","14","standard_min","lockdown_retired+student","18","200","12","true","361","17","19","4","483","85","5137","500"
"268","true","false","29","500","small-world","500","12","53","3","14","standard_min","lockdown_retired+student","18","200","12","true","361","14","19","9","486","123","5141.5","500"
"269","true","false","29","500","small-world","500","12","53","3","14","standard_min","lockdown_retired+student","18","200","12","true","361","16","19","10","484","85","5237","500"
"270","true","false","29","500","small-world","500","12","53","3","14","standard_min","lockdown_retired+student","18","200","12","true","361","13","19","10","487","91","5101","500"
"272","true","false","29","500","small-world","500","12","53","3","14","standard_min","lockdown_retired+student","18","200","12","true","361","9","19","16","491","126","5256.5","500"
"273","true","false","29","500","small-world","500","12","53","3","14","standard_min","lockdown_retired+student","18","200","12","true","361","12","19","12","488","96","5209","500"
"271","true","false","29","500","small-world","500","12","53","3","14","standard_min","lockdown_retired+student","18","200","12","true","381","13","20","6","487","86","5591","500"
"274","true","false","29","500","small-world","500","12","53","3","14","standard_min","lockdown_retired+student","18","200","12","true","361","7","19","11","493","126","5230.5","500"
"275","true","false","29","500","small-world","500","12","53","3","14","standard_min","lockdown_retired+student","18","200","12","true","381","11","20","11","489","85","5435.5","500"
"276","true","false","29","500","small-world","500","12","53","3","14","standard_min","lockdown_retired+student","18","200","12","true","381","6","20","12","494","123","5614.5","500"
"277","true","false","29","500","small-world","500","12","53","3","14","standard_min","lockdown_retired+student","18","200","12","true","381","16","20","11","484","120","5598.5","500"
"278","true","false","29","500","small-world","500","12","53","3","14","standard_min","lockdown_retired+student","18","200","12","true","361","10","19","9","490","88","5217","500"
"279","true","false","29","500","small-world","500","12","53","3","14","standard_min","lockdown_retired+student","18","200","12","true","381","17","20","12","483","143","5481","500"
"280","true","false","29","500","small-world","500","12","53","3","14","standard_min","lockdown_retired+student","18","200","12","true","361","6","19","12","494","120","5174","500"
"281","true","false","29","500","small-world","500","12","53","3","14","standard_min","lockdown_retired+student","18","200","12","true","361","9","19","6","491","77","5201.5","500"
"282","true","false","29","500","small-world","500","12","53","3","14","standard_min","lockdown_retired+student","18","200","12","true","361","15","19","8","485","84","5150.5","500"
"285","true","false","29","500","small-world","500","12","53","3","14","standard_min","lockdown_retired+student","18","200","12","true","381","9","20","10","491","81","5370","500"
"283","true","false","29","500","small-world","500","12","53","3","14","standard_min","lockdown_retired+student","18","200","12","true","401","11","21","15","489","113","5557","500"
"284","true","false","29","500","small-world","500","12","53","3","14","standard_min","lockdown_retired+student","18","200","12","true","421","10","22","16","490","125","5949","500"
"286","true","false","29","500","small-world","500","12","53","3","14","standard_min","lockdown_retired+student","18","200","12","true","381","8","20","11","492","76","5548","500"
"287","true","false","29","500","small-world","500","12","53","3","14","standard_min","lockdown_retired+student","18","200","12","true","361","6","19","5","494","88","5230","500"
"288","true","false","29","500","small-world","500","12","53","3","14","standard_min","lockdown_retired+student","18","200","12","true","361","12","19","14","488","128","5255.5","500"
"289","true","false","29","500","small-world","500","12","53","3","14","standard_min","lockdown_retired+student","18","200","12","true","381","10","20","20","490","187","5545.5","500"
"290","true","false","29","500","small-world","500","12","53","3","14","standard_min","lockdown_retired+student","18","200","12","true","401","14","21","8","486","113","5973","500"
"291","true","false","29","500","small-world","500","12","53","3","14","standard_min","lockdown_retired+student","18","200","12","true","361","7","19","22","493","122","5254","500"
"292","true","false","29","500","small-world","500","12","53","3","14","standard_min","lockdown_retired+student","18","200","12","true","361","14","19","5","486","116","5245","500"
"293","true","false","29","500","small-world","500","12","53","3","14","standard_min","lockdown_retired+student","18","200","12","true","361","17","19","17","483","165","5136","500"
"294","true","false","29","500","small-world","500","12","53","3","14","standard_min","lockdown_retired+student","18","200","12","true","381","13","20","6","487","69","5642","500"
"296","true","false","29","500","small-world","500","12","53","3","14","standard_min","lockdown_retired+student","18","200","12","true","381","12","20","23","488","160","5565.5","500"
"297","true","false","29","500","small-world","500","12","53","3","14","standard_min","lockdown_retired+student","18","200","12","true","361","10","19","11","490","90","5152","500"
"298","true","false","29","500","small-world","500","12","53","3","14","standard_min","lockdown_retired+student","18","200","12","true","381","12","20","15","488","147","5599","500"
"295","true","false","29","500","small-world","500","12","53","3","14","standard_min","lockdown_retired+student","18","200","12","true","381","11","20","14","489","103","5581.5","500"
"299","true","false","29","500","small-world","500","12","53","3","14","standard_min","lockdown_retired+student","18","200","12","true","361","12","19","11","488","90","5184.5","500"
"300","true","false","29","500","small-world","500","12","53","3","14","standard_min","lockdown_retired+student","18","200","12","true","361","10","19","10","490","93","5133","500"
"301","true","false","29","500","small-world","500","12","53","3","14","standard_min","lockdown_student+worker","18","200","12","true","461","13","24","16","487","83","8571.5","500"
"302","true","false","29","500","small-world","500","12","53","3","14","standard_min","lockdown_student+worker","18","200","12","true","441","14","23","9","484","100","8206","498"
"303","true","false","29","500","small-world","500","12","53","3","14","standard_min","lockdown_student+worker","18","200","12","true","481","11","25","8","486","80","8941.5","497"
"304","true","false","29","500","small-world","500","12","53","3","14","standard_min","lockdown_student+worker","18","200","12","true","521","11","27","11","488","83","9844","499"
"305","true","false","29","500","small-world","500","12","53","3","14","standard_min","lockdown_student+worker","18","200","12","true","481","17","25","6","483","82","8958.5","500"
"306","true","false","29","500","small-world","500","12","53","3","14","standard_min","lockdown_student+worker","18","200","12","true","461","11","24","8","488","100","8573","499"
"309","true","false","29","500","small-world","500","12","53","3","14","standard_min","lockdown_student+worker","18","200","12","true","461","13","24","15","486","110","8589","499"
"310","true","false","29","500","small-world","500","12","53","3","14","standard_min","lockdown_student+worker","18","200","12","true","461","16","24","34","484","245","8612.5","500"
"308","true","false","29","500","small-world","500","12","53","3","14","standard_min","lockdown_student+worker","18","200","12","true","461","15","24","8","483","91","8595","498"
"307","true","false","29","500","small-world","500","12","53","3","14","standard_min","lockdown_student+worker","18","200","12","true","501","13","26","24","487","156","9352.5","500"
"311","true","false","29","500","small-world","500","12","53","3","14","standard_min","lockdown_student+worker","18","200","12","true","441","15","23","10","485","139","8225","500"
"312","true","false","29","500","small-world","500","12","53","3","14","standard_min","lockdown_student+worker","18","200","12","true","481","12","25","9","487","99","8934.5","499"
"313","true","false","29","500","small-world","500","12","53","3","14","standard_min","lockdown_student+worker","18","200","12","true","441","15","23","37","485","306","8181","500"
"314","true","false","29","500","small-world","500","12","53","3","14","standard_min","lockdown_student+worker","18","200","12","true","481","12","25","14","488","110","9014.5","500"
"315","true","false","29","500","small-world","500","12","53","3","14","standard_min","lockdown_student+worker","18","200","12","true","481","15","25","11","484","118","8964.5","499"
"316","true","false","29","500","small-world","500","12","53","3","14","standard_min","lockdown_student+worker","18","200","12","true","481","9","25","14","491","104","8994","500"
"318","true","false","29","500","small-world","500","12","53","3","14","standard_min","lockdown_student+worker","18","200","12","true","461","8","24","7","492","145","8625","500"
"317","true","false","29","500","small-world","500","12","53","3","14","standard_min","lockdown_student+worker","18","200","12","true","501","17","26","9","483","143","9370.5","500"
"320","true","false","29","500","small-world","500","12","53","3","14","standard_min","lockdown_student+worker","18","200","12","true","441","6","23","24","493","182","8241","499"
"321","true","false","29","500","small-world","500","12","53","3","14","standard_min","lockdown_student+worker","18","200","12","true","441","5","23","13","495","122","8245.5","500"
"322","true","false","29","500","small-world","500","12","53","3","14","standard_min","lockdown_student+worker","18","200","12","true","441","11","23","21","489","152","8219.5","500"
"319","true","false","29","500","small-world","500","12","53","3","14","standard_min","lockdown_student+worker","18","200","12","true","561","11","29","18","488","163","10658","499"
"323","true","false","29","500","small-world","500","12","53","3","14","standard_min","lockdown_student+worker","18","200","12","true","461","14","24","7","486","91","8609","500"
"325","true","false","29","500","small-world","500","12","53","3","14","standard_min","lockdown_student+worker","18","200","12","true","501","13","26","19","486","209","9338","499"
"324","true","false","29","500","small-world","500","12","53","3","14","standard_min","lockdown_student+worker","18","200","12","true","521","10","27","14","489","96","9791.5","499"
"327","true","false","29","500","small-world","500","12","53","3","14","standard_min","lockdown_student+worker","18","200","12","true","461","16","24","9","484","99","8598.5","500"
"326","true","false","29","500","small-world","500","12","53","3","14","standard_min","lockdown_student+worker","18","200","12","true","541","15","28","11","485","118","10153.5","500"
"328","true","false","29","500","small-world","500","12","53","3","14","standard_min","lockdown_student+worker","18","200","12","true","481","13","25","4","486","75","8989.5","499"
"329","true","false","29","500","small-world","500","12","53","3","14","standard_min","lockdown_student+worker","18","200","12","true","481","14","25","12","484","90","9018.5","498"
"330","true","false","29","500","small-world","500","12","53","3","14","standard_min","lockdown_student+worker","18","200","12","true","461","10","24","14","489","194","8579","499"
"331","true","false","29","500","small-world","500","12","53","3","14","standard_min","lockdown_student+worker","18","200","12","true","441","15","23","39","485","313","8187.5","500"
"332","true","false","29","500","small-world","500","12","53","3","14","standard_min","lockdown_student+worker","18","200","12","true","481","12","25","10","487","102","9026","499"
"333","true","false","29","500","small-world","500","12","53","3","14","standard_min","lockdown_student+worker","18","200","12","true","461","11","24","27","488","222","8641","499"
"334","true","false","29","500","small-world","500","12","53","3","14","standard_min","lockdown_student+worker","18","200","12","true","461","13","24","15","487","108","8570","500"
"335","true","false","29","500","small-world","500","12","53","3","14","standard_min","lockdown_student+worker","18","200","12","true","501","10","26","7","488","76","9341","498"
"336","true","false","29","500","small-world","500","12","53","3","14","standard_min","lockdown_student+worker","18","200","12","true","461","10","24","15","490","124","8611","500"
"337","true","false","29","500","small-world","500","12","53","3","14","standard_min","lockdown_student+worker","18","200","12","true","461","10","24","8","490","83","8544.5","500"
"339","true","false","29","500","small-world","500","12","53","3","14","standard_min","lockdown_student+worker","18","200","12","true","441","10","23","19","490","127","8246","500"
"338","true","false","29","500","small-world","500","12","53","3","14","standard_min","lockdown_student+worker","18","200","12","true","461","11","24","22","489","114","8613","500"
"340","true","false","29","500","small-world","500","12","53","3","14","standard_min","lockdown_student+worker","18","200","12","true","501","10","26","6","490","68","9393.5","500"
"341","true","false","29","500","small-world","500","12","53","3","14","standard_min","lockdown_student+worker","18","200","12","true","441","13","23","11","487","100","8214","500"
"342","true","false","29","500","small-world","500","12","53","3","14","standard_min","lockdown_student+worker","18","200","12","true","481","12","25","14","487","108","9003","499"
"343","true","false","29","500","small-world","500","12","53","3","14","standard_min","lockdown_student+worker","18","200","12","true","461","21","24","12","479","140","8599.5","500"
"344","true","false","29","500","small-world","500","12","53","3","14","standard_min","lockdown_student+worker","18","200","12","true","441","12","23","20","487","153","8160","499"
"345","true","false","29","500","small-world","500","12","53","3","14","standard_min","lockdown_student+worker","18","200","12","true","441","14","23","11","486","89","8185.5","500"
"346","true","false","29","500","small-world","500","12","53","3","14","standard_min","lockdown_student+worker","18","200","12","true","441","12","23","4","488","75","8223.5","500"
"347","true","false","29","500","small-world","500","12","53","3","14","standard_min","lockdown_student+worker","18","200","12","true","481","12","25","12","487","105","8981.5","499"
"348","true","false","29","500","small-world","500","12","53","3","14","standard_min","lockdown_student+worker","18","200","12","true","461","10","24","19","490","163","8581","500"
"349","true","false","29","500","small-world","500","12","53","3","14","standard_min","lockdown_student+worker","18","200","12","true","441","10","23","22","490","199","8245.5","500"
"351","true","false","29","500","small-world","500","12","53","3","14","standard_min","essential_activities","18","200","12","true","401","10","21","12","490","91","7010","500"
"350","true","false","29","500","small-world","500","12","53","3","14","standard_min","lockdown_student+worker","18","200","12","true","421","15","22","8","483","86","7785","498"
"352","true","false","29","500","small-world","500","12","53","3","14","standard_min","essential_activities","18","200","12","true","401","13","21","13","487","76","6974","500"
"353","true","false","29","500","small-world","500","12","53","3","14","standard_min","essential_activities","18","200","12","true","401","13","21","8","486","70","6937","499"
"354","true","false","29","500","small-world","500","12","53","3","14","standard_min","essential_activities","18","200","12","true","441","17","23","8","483","81","7599.5","500"
"355","true","false","29","500","small-world","500","12","53","3","14","standard_min","essential_activities","18","200","12","true","401","11","21","12","489","89","6953","500"
"356","true","false","29","500","small-world","500","12","53","3","14","standard_min","essential_activities","18","200","12","true","421","14","22","19","486","155","7363","500"
"357","true","false","29","500","small-world","500","12","53","3","14","standard_min","essential_activities","18","200","12","true","401","16","21","10","484","93","6987","500"
"358","true","false","29","500","small-world","500","12","53","3","14","standard_min","essential_activities","18","200","12","true","421","13","22","24","487","185","7409.5","500"
"359","true","false","29","500","small-world","500","12","53","3","14","standard_min","essential_activities","18","200","12","true","381","12","20","16","488","138","6609.5","500"
"360","true","false","29","500","small-world","500","12","53","3","14","standard_min","essential_activities","18","200","12","true","421","12","22","9","488","82","7004.5","500"
"361","true","false","29","500","small-world","500","12","53","3","14","standard_min","essential_activities","18","200","12","true","421","14","22","29","486","224","7312.5","500"
"363","true","false","29","500","small-world","500","12","53","3","14","standard_min","essential_activities","18","200","12","true","421","12","22","5","488","93","7350.5","500"
"362","true","false","29","500","small-world","500","12","53","3","14","standard_min","essential_activities","18","200","12","true","421","10","22","18","490","115","7310","500"
"364","true","false","29","500","small-world","500","12","53","3","14","standard_min","essential_activities","18","200","12","true","441","14","23","14","485","135","7751.5","499"
"365","true","false","29","500","small-world","500","12","53","3","14","standard_min","essential_activities","18","200","12","true","421","8","22","22","492","205","7433.5","500"
"366","true","false","29","500","small-world","500","12","53","3","14","standard_min","essential_activities","18","200","12","true","441","12","23","12","488","89","7669","500"
"367","true","false","29","500","small-world","500","12","53","3","14","standard_min","essential_activities","18","200","12","true","401","13","21","12","487","70","6966.5","500"
"368","true","false","29","500","small-world","500","12","53","3","14","standard_min","essential_activities","18","200","12","true","401","8","21","17","492","142","6968.5","500"
"369","true","false","29","500","small-world","500","12","53","3","14","standard_min","essential_activities","18","200","12","true","441","9","23","7","491","72","7819","500"
"370","true","false","29","500","small-world","500","12","53","3","14","standard_min","essential_activities","18","200","12","true","381","9","20","24","491","124","6587","500"
"372","true","false","29","500","small-world","500","12","53","3","14","standard_min","essential_activities","18","200","12","true","381","9","20","41","491","258","6619","500"
"371","true","false","29","500","small-world","500","12","53","3","14","standard_min","essential_activities","18","200","12","true","421","8","22","11","492","106","7424.5","500"
"373","true","false","29","500","small-world","500","12","53","3","14","standard_min","essential_activities","18","200","12","true","421","16","22","28","484","188","7319","500"
"374","true","false","29","500","small-world","500","12","53","3","14","standard_min","essential_activities","18","200","12","true","421","15","22","21","485","147","7209.5","500"
"375","true","false","29","500","small-world","500","12","53","3","14","standard_min","essential_activities","18","200","12","true","421","12","22","11","488","110","7025.5","500"
"376","true","false","29","500","small-world","500","12","53","3","14","standard_min","essential_activities","18","200","12","true","401","10","21","9","490","83","6990.5","500"
"377","true","false","29","500","small-world","500","12","53","3","14","standard_min","essential_activities","18","200","12","true","461","11","24","13","489","91","8058.5","500"
"378","true","false","29","500","small-world","500","12","53","3","14","standard_min","essential_activities","18","200","12","true","421","9","22","13","491","105","7360.5","500"
"379","true","false","29","500","small-world","500","12","53","3","14","standard_min","essential_activities","18","200","12","true","401","12","21","21","488","244","7011","500"
"380","true","false","29","500","small-world","500","12","53","3","14","standard_min","essential_activities","18","200","12","true","421","9","22","13","491","99","7389","500"
"381","true","false","29","500","small-world","500","12","53","3","14","standard_min","essential_activities","18","200","12","true","381","9","20","13","491","93","6619.5","500"
"382","true","false","29","500","small-world","500","12","53","3","14","standard_min","essential_activities","18","200","12","true","421","7","22","14","493","234","7357","500"
"383","true","false","29","500","small-world","500","12","53","3","14","standard_min","essential_activities","18","200","12","true","441","9","23","22","491","178","7710.5","500"
"384","true","false","29","500","small-world","500","12","53","3","14","standard_min","essential_activities","18","200","12","true","441","6","23","21","494","186","7712.5","500"
"385","true","false","29","500","small-world","500","12","53","3","14","standard_min","essential_activities","18","200","12","true","421","9","22","5","491","82","7411.5","500"
"387","true","false","29","500","small-world","500","12","53","3","14","standard_min","essential_activities","18","200","12","true","401","12","21","13","488","149","6974.5","500"
"386","true","false","29","500","small-world","500","12","53","3","14","standard_min","essential_activities","18","200","12","true","421","8","22","17","492","166","7301","500"
"388","true","false","29","500","small-world","500","12","53","3","14","standard_min","essential_activities","18","200","12","true","401","12","21","18","488","98","7027","500"
"389","true","false","29","500","small-world","500","12","53","3","14","standard_min","essential_activities","18","200","12","true","421","6","22","13","494","141","7409","500"
"390","true","false","29","500","small-world","500","12","53","3","14","standard_min","essential_activities","18","200","12","true","421","11","22","13","489","105","7376","500"
"391","true","false","29","500","small-world","500","12","53","3","14","standard_min","essential_activities","18","200","12","true","441","12","23","8","488","75","7684.5","500"
"392","true","false","29","500","small-world","500","12","53","3","14","standard_min","essential_activities","18","200","12","true","401","17","21","44","483","350","6968.5","500"
"393","true","false","29","500","small-world","500","12","53","3","14","standard_min","essential_activities","18","200","12","true","421","16","22","13","484","78","7278.5","500"
"395","true","false","29","500","small-world","500","12","53","3","14","standard_min","essential_activities","18","200","12","true","401","16","21","20","484","121","6924","500"
"394","true","false","29","500","small-world","500","12","53","3","14","standard_min","essential_activities","18","200","12","true","421","9","22","11","491","100","7349","500"
"396","true","false","29","500","small-world","500","12","53","3","14","standard_min","essential_activities","18","200","12","true","401","9","21","8","491","67","7027.5","500"
"398","true","false","29","500","small-world","500","12","53","3","14","standard_min","essential_activities","18","200","12","true","401","8","21","9","492","87","7057.5","500"
"397","true","false","29","500","small-world","500","12","53","3","14","standard_min","essential_activities","18","200","12","true","421","11","22","14","489","108","7407","500"
"399","true","false","29","500","small-world","500","12","53","3","14","standard_min","essential_activities","18","200","12","true","441","7","23","37","493","294","7711","500"
"400","true","false","29","500","small-world","500","12","53","3","14","standard_min","essential_activities","18","200","12","true","401","12","21","16","488","109","6923.5","500"
"405","true","false","29","500","small-world","500","12","53","3","14","standard_min","all","18","200","12","true","601","0","31","9","53","79","12150","53"
"402","true","false","29","500","small-world","500","12","53","3","14","standard_min","all","18","200","12","true","1061","4","54","17","348","121","21008.5","352"
"401","true","false","29","500","small-world","500","12","53","3","14","standard_min","all","18","200","12","true","1261","4","64","8","207","80","25438","211"
"404","true","false","29","500","small-world","500","12","53","3","14","standard_min","all","18","200","12","true","1021","8","52","10","328","89","20578.5","336"
"403","true","false","29","500","small-world","500","12","53","3","14","standard_min","all","18","200","12","true","1301","9","66","14","367","95","26190","376"
"412","true","false","29","500","small-world","500","12","53","3","14","standard_min","all","18","200","12","true","881","8","45","17","408","155","17747","416"
"408","true","false","29","500","small-world","500","12","53","3","14","standard_min","all","18","200","12","true","1161","5","59","16","190","87","23403.5","195"
"411","true","false","29","500","small-world","500","12","53","3","14","standard_min","all","18","200","12","true","1121","2","57","12","164","102","22660","166"
"409","true","false","29","500","small-world","500","12","53","3","14","standard_min","all","18","200","12","true","1081","11","55","14","354","122","21742.5","365"
"407","true","false","29","500","small-world","500","12","53","3","14","standard_min","all","18","200","12","true","1201","8","61","14","410","128","24225","418"
"406","true","false","29","500","small-world","500","12","53","3","14","standard_min","all","18","200","12","true","1381","13","70","6","306","76","27690","319"
"410","true","false","29","500","small-world","500","12","53","3","14","standard_min","all","18","200","12","true","1141","8","58","16","402","140","22547","410"
"414","true","false","29","500","small-world","500","12","53","3","14","standard_min","all","18","200","12","true","581","19","30","30","473","279","11671.5","492"
"413","true","false","29","500","small-world","500","12","53","3","14","standard_min","all","18","200","12","true","1241","6","63","9","381","127","24620","387"
"425","true","false","29","500","small-world","500","12","53","3","14","standard_min","all","18","200","12","true","441","0","23","11","18","98","8910","18"
"419","true","false","29","500","small-world","500","12","53","3","14","standard_min","all","18","200","12","true","941","8","48","15","391","125","18982.5","399"
"416","true","false","29","500","small-world","500","12","53","3","14","standard_min","all","18","200","12","true","1301","11","66","19","400","115","26204.5","411"
"418","true","false","29","500","small-world","500","12","53","3","14","standard_min","all","18","200","12","true","1161","9","59","8","393","101","23351.5","402"
"415","true","false","29","500","small-world","500","12","53","3","14","standard_min","all","18","200","12","true","1661","6","84","13","353","98","33495.5","359"
"417","true","false","29","500","small-world","500","12","53","3","14","standard_min","all","18","200","12","true","1261","11","64","19","415","163","25353.5","426"
"420","true","false","29","500","small-world","500","12","53","3","14","standard_min","all","18","200","12","true","1321","13","67","9","324","83","26550.5","337"
"423","true","false","29","500","small-world","500","12","53","3","14","standard_min","all","18","200","12","true","1301","9","66","12","417","117","26181","426"
"421","true","false","29","500","small-world","500","12","53","3","14","standard_min","all","18","200","12","true","1481","14","75","9","364","96","29783.5","378"
"424","true","false","29","500","small-world","500","12","53","3","14","standard_min","all","18","200","12","true","1441","8","73","17","389","100","28979","397"
"422","true","false","29","500","small-world","500","12","53","3","14","standard_min","all","18","200","12","true","1501","2","76","5","288","84","30346","290"
"426","true","false","29","500","small-world","500","12","53","3","14","standard_min","all","18","200","12","true","1081","8","55","15","369","136","21788","377"
"429","true","false","29","500","small-world","500","12","53","3","14","standard_min","all","18","200","12","true","781","4","40","3","77","80","15755","81"
"428","true","false","29","500","small-world","500","12","53","3","14","standard_min","all","18","200","12","true","641","7","33","33","489","362","12936.5","496"
"427","true","false","29","500","small-world","500","12","53","3","14","standard_min","all","18","200","12","true","881","11","45","13","434","137","17725.5","445"
"430","true","false","29","500","small-world","500","12","53","3","14","standard_min","all","18","200","12","true","981","9","50","19","427","203","19745","436"
"434","true","false","29","500","small-world","500","12","53","3","14","standard_min","all","18","200","12","true","741","11","38","15","403","133","14905.5","414"
"431","true","false","29","500","small-world","500","12","53","3","14","standard_min","all","18","200","12","true","1041","4","53","11","282","97","21006","286"
"437","true","false","29","500","small-world","500","12","53","3","14","standard_min","all","18","200","12","true","681","4","35","8","73","78","13735.5","77"
"433","true","false","29","500","small-world","500","12","53","3","14","standard_min","all","18","200","12","true","1001","6","51","9","391","108","20174.5","397"
"432","true","false","29","500","small-world","500","12","53","3","14","standard_min","all","18","200","12","true","1041","7","53","17","440","178","20966.5","447"
"436","true","false","29","500","small-world","500","12","53","3","14","standard_min","all","18","200","12","true","821","10","42","10","255","87","16522","265"
"442","true","false","29","500","small-world","500","12","53","3","14","standard_min","all","18","200","12","true","341","1","18","6","7","76","6883.5","8"
"435","true","false","29","500","small-world","500","12","53","3","14","standard_min","all","18","200","12","true","1141","9","58","12","439","122","22963.5","448"
"439","true","false","29","500","small-world","500","12","53","3","14","standard_min","all","18","200","12","true","961","8","49","9","382","99","19370","390"
"438","true","false","29","500","small-world","500","12","53","3","14","standard_min","all","18","200","12","true","1501","10","76","18","422","170","30133","432"
"440","true","false","29","500","small-world","500","12","53","3","14","standard_min","all","18","200","12","true","1361","9","69","10","371","81","27404.5","380"
"443","true","false","29","500","small-world","500","12","53","3","14","standard_min","all","18","200","12","true","1161","11","59","4","332","91","23327","343"
"449","true","false","29","500","small-world","500","12","53","3","14","standard_min","all","18","200","12","true","801","8","41","19","458","232","16144","466"
"441","true","false","29","500","small-world","500","12","53","3","14","standard_min","all","18","200","12","true","1681","7","85","11","301","107","33822","308"
"447","true","false","29","500","small-world","500","12","53","3","14","standard_min","all","18","200","12","true","1161","10","59","12","307","102","23377.5","317"
"448","true","false","29","500","small-world","500","12","53","3","14","standard_min","all","18","200","12","true","1241","7","63","21","429","140","25029.5","436"
"444","true","false","29","500","small-world","500","12","53","3","14","standard_min","all","18","200","12","true","1481","10","75","11","307","103","29740","317"
"445","true","false","29","500","small-world","500","12","53","3","14","standard_min","all","18","200","12","true","1441","7","73","17","370","113","29030.5","377"
"450","true","false","29","500","small-world","500","12","53","3","14","standard_min","all","18","200","12","true","1141","8","58","21","383","98","22985.5","391"
"446","true","false","29","500","small-world","500","12","53","3","14","standard_min","all","18","200","12","true","1701","8","86","10","240","92","34248.5","248"
